Name,No_Injuries,Injury_Types,Days_Injured,Games_Missed,Age,Matches,Starts,Mins,Yellow_Cards,Red_Cards,Work_Rate,Vision,Teamwork,Strength,Stamina,Positioning,Pace,Natural_Fitness,Leadership,Flare,Determonation,Decisions,Concentration,Composure,Bravery,Balance,Anticipation,Agility,Aggression,Acceleration,Was_Injured?,% Games Played When Fit,Club_Arsenal,Club_Aston Villa,Club_Brighton,Club_Burnley,Club_Chelsea,Club_Crystal Palace,Club_Everton,Club_Fulham,Club_Leeds United,Club_Leicester City,Club_Liverpool FC,Club_Manchester City,Club_Manchester United,Club_Newcastle United,Club_Sheffield United,Club_Southampton,Club_Tottenham Hotspur,Club_West Bromwich Albion,Club_West Ham United,Club_Wolverhampton Wanderers,Best Pos_CD,Best Pos_CM,Best Pos_GK,Best Pos_LD,Best Pos_LM,Best Pos_RD,Best Pos_RM,Best Pos_ST
Mason Mount,0,,,0.0,21,36,32,2890,2,0,18,12,15,9,16,10,14,15,10,13,16,14,12,15,12,10,14,13,11,13,0,0.6101694915254238,0,0,0,0,1,0,0,0,0,0,0,0,0,0,0,0,0,0,0,0,0,1,0,0,0,0,0,0
Edouard Mendy,1,Strain,3.0,1.0,28,31,31,2745,2,0,10,8,13,16,13,13,11,15,11,8,14,12,14,13,12,13,14,14,10,11,1,0.5344827586206896,0,0,0,0,1,0,0,0,0,0,0,0,0,0,0,0,0,0,0,0,0,0,1,0,0,0,0,0
Timo Werner,1,Thigh Muscle Strain,6.0,1.0,24,35,29,2602,2,0,16,12,10,12,16,9,18,15,6,11,12,10,12,13,11,17,13,14,16,18,1,0.603448275862069,0,0,0,0,1,0,0,0,0,0,0,0,0,0,0,0,0,0,0,0,0,0,0,0,0,0,0,1
Ben Chilwell,1,Foot Injury,77.0,4.0,23,27,27,2286,3,0,16,12,14,12,15,15,16,14,12,11,14,12,13,14,13,14,14,14,12,15,1,0.4909090909090909,0,0,0,0,1,0,0,0,0,0,0,0,0,0,0,0,0,0,0,0,0,0,0,1,0,0,0,0
Reece James,2,"Thigh Muscle Strain, Ankle Injury",28.0,4.0,20,32,25,2373,3,0,13,10,12,15,15,12,14,15,13,12,16,13,14,14,12,15,12,12,11,15,1,0.5818181818181818,0,0,0,0,1,0,0,0,0,0,0,0,0,0,0,0,0,0,0,0,0,0,0,0,0,1,0,0
CÃƒÂ©sar Azpilicueta,0,,,0.0,30,26,24,2188,5,1,18,10,17,9,17,13,14,17,16,8,16,15,15,14,16,12,15,13,12,12,0,0.4406779661016949,0,0,0,0,1,0,0,0,0,0,0,0,0,0,0,0,0,0,0,0,0,0,0,0,0,1,0,0
N'Golo KantÃƒÂ©,2,"Muscle Injury, Hamstring Injury",28.0,5.0,29,30,24,2146,7,0,20,14,20,13,20,15,15,18,5,13,15,16,15,14,15,15,16,14,15,16,1,0.5555555555555556,0,0,0,0,1,0,0,0,0,0,0,0,0,0,0,0,0,0,0,0,0,1,0,0,0,0,0,0
Jorginho,0,,,0.0,28,28,23,2010,2,0,16,15,17,11,16,15,14,14,15,13,15,16,15,16,14,14,15,14,12,13,0,0.4745762711864407,0,0,0,0,1,0,0,0,0,0,0,0,0,0,0,0,0,0,0,0,0,1,0,0,0,0,0,0
Thiago Silva,2,"Thigh Problems, Knock",42.0,9.0,35,23,23,1935,5,1,14,12,15,15,14,17,12,14,15,8,15,16,17,15,15,16,17,13,17,12,1,0.46,0,0,0,0,1,0,0,0,0,0,0,0,0,0,0,0,0,0,0,0,1,0,0,0,0,0,0,0
Kurt Zouma,1,Knock,5.0,1.0,25,24,22,2029,3,0,15,8,13,20,14,14,15,14,13,7,16,14,12,11,14,19,13,11,15,18,1,0.41379310344827586,0,0,0,0,1,0,0,0,0,0,0,0,0,0,0,0,0,0,0,0,1,0,0,0,0,0,0,0
Mateo Kovacic,1,Muscle Injury,33.0,9.0,26,27,21,1815,4,0,15,16,15,14,15,12,14,12,11,16,17,16,11,14,14,16,15,15,14,14,1,0.54,0,0,0,0,1,0,0,0,0,0,0,0,0,0,0,0,0,0,0,0,0,1,0,0,0,0,0,0
Antonio RÃƒÂ¼diger,0,,,0.0,27,19,19,1710,0,0,15,10,13,18,16,14,16,10,15,9,17,12,12,13,17,17,15,11,15,15,0,0.3220338983050847,0,0,0,0,1,0,0,0,0,0,0,0,0,0,0,0,0,0,0,0,1,0,0,0,0,0,0,0
Christian Pulisic,3,"Muscle Injury, Hamstring Injury, Calf Strain",108.0,12.0,21,27,18,1738,2,0,16,14,15,7,14,8,15,13,7,15,12,13,10,10,9,8,12,17,16,17,1,0.574468085106383,0,0,0,0,1,0,0,0,0,0,0,0,0,0,0,0,0,0,0,0,0,0,0,0,0,0,1,0
Kai Havertz,1,Knock,19.0,5.0,21,27,18,1520,2,0,12,17,15,12,15,10,17,16,7,15,10,15,10,17,11,13,14,13,11,12,1,0.5,0,0,0,0,1,0,0,0,0,0,0,0,0,0,0,0,0,0,0,0,0,1,0,0,0,0,0,0
Andreas Christensen,2,"Ligament Injury, Knock",16.0,4.0,24,17,15,1371,2,1,12,10,15,11,13,16,15,14,14,9,11,15,13,15,10,12,18,11,12,12,1,0.3090909090909091,0,0,0,0,1,0,0,0,0,0,0,0,0,0,0,0,0,0,0,0,1,0,0,0,0,0,0,0
Hakim Ziyech,2,"Hip Injury, Knee Injury",73.0,12.0,27,23,15,1172,3,0,15,17,14,10,15,6,13,15,11,17,14,9,10,13,13,12,17,17,13,15,1,0.48936170212765956,0,0,0,0,1,0,0,0,0,0,0,0,0,0,0,0,0,0,0,0,0,1,0,0,0,0,0,0
Tammy Abraham,1,Ankle Injury,43.0,8.0,22,22,12,1040,0,0,17,10,14,13,13,10,15,16,12,14,15,15,12,14,13,15,14,13,14,16,1,0.43137254901960786,0,0,0,0,1,0,0,0,0,0,0,0,0,0,0,0,0,0,0,0,0,0,0,0,0,0,0,1
Marcos Alonso,0,,,0.0,29,13,11,960,2,0,15,13,14,15,16,13,12,14,9,12,13,14,12,14,12,15,14,10,12,12,0,0.22033898305084745,0,0,0,0,1,0,0,0,0,0,0,0,0,0,0,0,0,0,0,0,0,0,0,1,0,0,0,0
Callum Hudson-Odoi,1,Hip Injury,16.0,4.0,19,23,10,1059,0,0,12,14,9,10,12,9,15,12,6,15,10,13,11,14,6,12,10,15,7,16,1,0.41818181818181815,0,0,0,0,1,0,0,0,0,0,0,0,0,0,0,0,0,0,0,0,0,0,0,0,1,0,0,0
Olivier Giroud,0,,,0.0,33,17,8,748,1,0,18,13,19,18,15,9,13,15,9,13,16,14,14,14,17,19,16,10,14,10,0,0.288135593220339,0,0,0,0,1,0,0,0,0,0,0,0,0,0,0,0,0,0,0,0,0,0,0,0,0,0,0,1
Kepa Arrizabalaga,1,Shoulder Injury,25.0,5.0,25,7,6,585,1,0,13,11,13,12,12,13,12,12,10,1,13,12,14,14,14,12,14,15,8,9,1,0.12962962962962962,0,0,0,0,1,0,0,0,0,0,0,0,0,0,0,0,0,0,0,0,0,0,1,0,0,0,0,0
Billy Gilmour,1,Knee Injury,131.0,20.0,19,5,3,261,0,0,12,16,10,6,8,8,10,13,10,8,15,11,12,14,8,6,14,12,7,11,1,0.1282051282051282,0,0,0,0,1,0,0,0,0,0,0,0,0,0,0,0,0,0,0,0,0,1,0,0,0,0,0,0
Willy Caballero,0,,,0.0,38,1,1,90,0,0,13,12,12,12,10,14,12,12,14,12,15,14,13,13,12,13,13,15,6,9,0,0.01694915254237288,0,0,0,0,1,0,0,0,0,0,0,0,0,0,0,0,0,0,0,0,0,0,1,0,0,0,0,0
Emerson,0,,,0.0,25,2,0,90,0,0,13,14,13,13,15,10,14,13,10,11,13,13,10,11,12,13,10,14,7,15,0,0.03389830508474576,0,0,0,0,1,0,0,0,0,0,0,0,0,0,0,0,0,0,0,0,0,0,0,0,0,1,0,0
Fikayo Tomori,0,,,0.0,22,1,0,45,0,0,15,11,14,15,14,13,16,15,12,9,14,13,13,15,15,14,13,12,17,19,0,0.01694915254237288,0,0,0,0,1,0,0,0,0,0,0,0,0,0,0,0,0,0,0,0,1,0,0,0,0,0,0,0
Ross Barkley,1,Hamstring Injury,59.0,9.0,26,2,0,42,0,0,12,14,11,18,12,12,14,13,11,14,12,11,11,13,11,15,14,11,8,15,1,0.04,0,0,0,0,1,0,0,0,0,0,0,0,0,0,0,0,0,0,0,0,0,1,0,0,0,0,0,0
Ederson,0,,,0.0,26,36,36,3240,3,0,13,17,13,13,13,14,13,15,7,2,16,15,16,17,18,13,15,13,11,14,0,0.5901639344262295,0,0,0,0,0,0,0,0,0,0,0,1,0,0,0,0,0,0,0,0,0,0,1,0,0,0,0,0
RÃºben Dias,1,Knock,4.0,1.0,23,32,32,2843,4,0,16,12,16,16,16,15,13,18,16,8,17,14,14,13,18,15,14,15,18,13,1,0.5333333333333333,0,0,0,0,0,0,0,0,0,0,0,1,0,0,0,0,0,0,0,0,1,0,0,0,0,0,0,0
Rodri,1,Knock,1.0,0.0,24,34,31,2748,6,0,15,14,16,13,15,18,13,11,11,9,13,16,15,15,13,13,16,12,10,13,1,0.5573770491803278,0,0,0,0,0,0,0,0,0,0,0,1,0,0,0,0,0,0,0,0,0,1,0,0,0,0,0,0
Raheem Sterling,2,"Knock, Calf Strain",10.0,1.0,25,31,28,2536,4,0,16,13,16,12,16,9,17,18,6,16,13,14,14,14,11,17,18,19,12,18,1,0.5166666666666667,0,0,0,0,0,0,0,0,0,0,0,1,0,0,0,0,0,0,0,0,0,0,0,0,0,0,1,0
JoÃ£o Cancelo,1,Foot Injury,15.0,5.0,26,28,27,2299,5,1,13,14,12,12,14,8,16,15,7,18,10,9,10,12,12,14,14,16,12,16,1,0.5,0,0,0,0,0,0,0,0,0,0,0,1,0,0,0,0,0,0,0,0,0,0,0,0,0,1,0,0
Bernardo Silva,1,Muscle Injury,22.0,4.0,25,26,24,2065,5,0,20,17,16,7,16,9,14,14,12,17,18,16,14,16,15,18,14,19,12,15,1,0.45614035087719296,0,0,0,0,0,0,0,0,0,0,0,1,0,0,0,0,0,0,0,0,0,0,0,0,0,0,1,0
Ilkay GÃ¼ndogan,2,"Groin Injury, Ankle Injury",9.0,1.0,29,28,23,2029,1,0,14,16,16,13,15,11,13,13,10,13,12,14,14,16,12,14,13,16,15,14,1,0.4666666666666667,0,0,0,0,0,0,0,0,0,0,0,1,0,0,0,0,0,0,0,0,0,1,0,0,0,0,0,0
Kevin De Bruyne,5,"Facial Fracture, Fracture Of The Orbit, Muscular Problems, Hamstring Injury, Muscle Injury",71.0,13.0,29,25,23,1997,1,0,15,20,14,13,17,9,14,16,12,15,15,18,15,15,14,14,13,13,12,15,1,0.5208333333333334,0,0,0,0,0,0,0,0,0,0,0,1,0,0,0,0,0,0,0,0,0,1,0,0,0,0,0,0
Riyad Mahrez,0,,,0.0,29,27,23,1949,0,0,10,16,10,8,14,5,14,12,5,17,13,13,13,15,5,15,14,17,6,15,0,0.4426229508196721,0,0,0,0,0,0,0,0,0,0,0,1,0,0,0,0,0,0,0,0,0,0,0,0,0,0,1,0
Gabriel Jesus,2,"Knock, Knock",45.0,10.0,23,29,22,2063,2,0,16,13,13,12,13,7,15,14,7,16,13,13,14,14,12,14,14,17,12,16,1,0.5686274509803921,0,0,0,0,0,0,0,0,0,0,0,1,0,0,0,0,0,0,0,0,0,0,0,0,0,0,0,1
Kyle Walker,1,Knock,4.0,1.0,30,24,22,1946,1,0,16,11,15,15,15,12,18,13,12,10,13,9,13,13,15,15,13,14,12,18,1,0.4,0,0,0,0,0,0,0,0,0,0,0,1,0,0,0,0,0,0,0,0,0,0,0,0,0,1,0,0
John Stones,2,"Knock, Ankle Injury",18.0,5.0,26,22,22,1933,0,1,16,14,13,13,14,14,15,18,13,12,13,14,13,17,16,16,14,15,10,13,1,0.39285714285714285,0,0,0,0,0,0,0,0,0,0,0,1,0,0,0,0,0,0,0,0,1,0,0,0,0,0,0,0
Phil Foden,0,,,0.0,20,28,17,1616,0,0,14,16,14,8,14,8,15,14,8,16,14,14,14,13,13,15,13,17,7,15,0,0.45901639344262296,0,0,0,0,0,0,0,0,0,0,0,1,0,0,0,0,0,0,0,0,0,1,0,0,0,0,0,0
Olexandr Zinchenko,3,"Knock, Knock, Muscle Injury",43.0,9.0,23,20,15,1478,0,0,15,13,16,9,14,8,14,13,6,13,17,12,14,13,15,13,13,14,12,13,1,0.38461538461538464,0,0,0,0,0,0,0,0,0,0,0,1,0,0,0,0,0,0,0,0,0,1,0,0,0,0,0,0
Ferran Torres,0,,,0.0,20,24,15,1306,1,0,11,12,12,11,12,9,15,12,10,15,14,12,8,11,9,12,11,14,10,17,0,0.39344262295081966,0,0,0,0,0,0,0,0,0,0,0,1,0,0,0,0,0,0,0,0,0,0,0,0,0,0,1,0
Aymeric Laporte,2,"Strain, Knock",27.0,7.0,26,16,14,1344,1,0,14,16,13,14,14,16,14,13,13,12,14,16,17,16,15,14,16,13,14,14,1,0.2962962962962963,0,0,0,0,0,0,0,0,0,0,0,1,0,0,0,0,0,0,0,0,1,0,0,0,0,0,0,0
Fernandinho,2,"Knock, Knock",41.0,8.0,35,21,12,1188,6,0,18,13,17,14,14,13,13,15,14,10,16,17,18,15,16,14,14,15,15,13,1,0.39622641509433965,0,0,0,0,0,0,0,0,0,0,0,1,0,0,0,0,0,0,0,0,0,1,0,0,0,0,0,0
Benjamin Mendy,1,Knock,7.0,2.0,26,13,11,953,2,0,16,12,14,17,15,11,16,14,13,13,14,13,12,10,14,15,12,14,15,15,1,0.22033898305084745,0,0,0,0,0,0,0,0,0,0,0,1,0,0,0,0,0,0,0,0,0,0,0,1,0,0,0,0
Nathan Ake,4,"Hamstring Injury, Hamstring Injury, Groin Strain, Groin Injury",117.0,29.0,25,10,9,797,4,0,16,13,14,14,14,15,15,12,14,6,14,12,12,14,13,13,14,14,12,16,1,0.3125,0,0,0,0,0,0,0,0,0,0,0,1,0,0,0,0,0,0,0,0,1,0,0,0,0,0,0,0
Sergio AgÃ¼ero,3,"Knock, Knee Injury, Hamstring Injury",39.0,7.0,32,12,7,559,0,0,13,14,12,13,16,7,15,14,12,15,15,16,15,16,14,20,16,18,14,17,1,0.2222222222222222,0,0,0,0,0,0,0,0,0,0,0,1,0,0,0,0,0,0,0,0,0,0,0,0,0,0,0,1
Eric GarcÃ­a,2,"Knock, Head Injury",29.0,7.0,19,6,3,383,0,0,15,13,14,12,14,15,13,14,14,12,17,13,15,16,13,13,14,14,12,13,1,0.1111111111111111,0,0,0,0,0,0,0,0,0,0,0,1,0,0,0,0,0,0,0,0,1,0,0,0,0,0,0,0
Scott Carson,0,,,0.0,34,1,1,90,0,0,12,9,12,15,13,12,9,14,15,2,13,10,13,10,13,13,11,13,11,8,0,0.01639344262295082,0,0,0,0,0,0,0,0,0,0,0,1,0,0,0,0,0,0,0,0,0,0,1,0,0,0,0,0
Zack Steffen,1,Bone Bruise,30.0,0.0,25,1,1,90,0,0,12,11,12,15,11,12,10,12,10,1,16,12,12,11,11,14,12,14,8,12,1,0.01639344262295082,0,0,0,0,0,0,0,0,0,0,0,1,0,0,0,0,0,0,0,0,0,0,1,0,0,0,0,0
Liam Delap,0,,,0.0,17,1,0,40,0,0,12,7,10,10,10,7,12,12,9,10,12,8,9,9,12,10,10,6,10,14,0,0.01639344262295082,0,0,0,0,0,0,0,0,0,0,0,1,0,0,0,0,0,0,0,0,0,0,0,0,0,0,0,1
Bruno Fernandes,0,,,0.0,25,37,35,3099,6,0,17,16,14,12,17,8,14,17,16,17,19,12,14,15,17,14,13,15,18,13,0,0.6065573770491803,0,0,0,0,0,0,0,0,0,0,0,0,1,0,0,0,0,0,0,0,0,1,0,0,0,0,0,0
Aaron Wan-Bissaka,0,,,0.0,22,34,34,3060,3,0,15,11,12,12,15,13,15,14,7,12,15,14,14,13,16,14,17,15,14,15,0,0.5573770491803278,0,0,0,0,0,0,0,0,0,0,0,0,1,0,0,0,0,0,0,0,0,0,0,0,0,1,0,0
Harry Maguire,1,Ankle Injury,35.0,6.0,27,34,34,3047,11,0,15,12,14,17,15,16,12,14,15,12,15,15,13,15,16,13,16,10,15,10,1,0.6181818181818182,0,0,0,0,0,0,0,0,0,0,0,0,1,0,0,0,0,0,0,0,1,0,0,0,0,0,0,0
Marcus Rashford,1,Shoulder Injury,12.0,0.0,22,37,33,2920,4,0,16,9,13,12,14,3,17,16,5,18,16,13,12,12,14,14,12,15,14,18,1,0.6065573770491803,0,0,0,0,0,0,0,0,0,0,0,0,1,0,0,0,0,0,0,0,0,0,0,0,1,0,0,0
Luke Shaw,2,"Hamstring Injury, Ankle Injury",89.0,13.0,25,32,30,2654,8,0,13,7,16,15,14,14,15,8,7,10,12,13,14,12,12,15,14,15,12,14,1,0.6666666666666666,0,0,0,0,0,0,0,0,0,0,0,0,1,0,0,0,0,0,0,0,0,0,0,1,0,0,0,0
Victor Lindelof,4,"Back Injury, Back Injury, Back Injury, Back Injury",19.0,3.0,26,29,29,2585,0,0,14,12,14,13,16,16,14,16,10,7,16,14,14,13,10,15,16,15,10,13,1,0.5,0,0,0,0,0,0,0,0,0,0,0,0,1,0,0,0,0,0,0,0,1,0,0,0,0,0,0,0
Fred,0,,,0.0,27,30,27,2390,5,0,10,14,16,13,12,10,10,12,14,13,14,13,11,16,14,10,14,9,10,8,0,0.4918032786885246,0,0,0,0,0,0,0,0,0,0,0,0,1,0,0,0,0,0,0,0,0,0,0,0,0,0,0,1
David de Gea,1,Knee Injury,1.0,0.0,29,26,26,2295,0,0,7,5,9,13,12,15,13,17,10,5,16,15,14,15,14,11,16,18,5,13,1,0.4262295081967213,0,0,0,0,0,0,0,0,0,0,0,0,1,0,0,0,0,0,0,0,0,0,1,0,0,0,0,0
Scott McTominay,2,"Knock, Bruise",17.0,5.0,23,32,24,2129,3,0,19,9,19,14,18,14,14,15,12,6,18,11,13,11,16,16,16,13,15,13,1,0.5714285714285714,0,0,0,0,0,0,0,0,0,0,0,0,1,0,0,0,0,0,0,0,0,1,0,0,0,0,0,0
Paul Pogba,2,"Hamstring Injury, Ankle Injury",50.0,13.0,27,26,21,1897,3,0,11,17,14,17,18,9,16,17,13,18,12,12,9,16,9,18,15,14,12,12,1,0.5416666666666666,0,0,0,0,0,0,0,0,0,0,0,0,1,0,0,0,0,0,0,0,0,1,0,0,0,0,0,0
Mason Greenwood,2,"Bruise, Bruise",24.0,4.0,18,31,21,1822,2,0,14,10,12,12,12,3,17,15,4,16,17,12,12,15,11,14,13,14,13,16,1,0.543859649122807,0,0,0,0,0,0,0,0,0,0,0,0,1,0,0,0,0,0,0,0,0,0,0,0,0,0,0,1
Anthony Martial,4,"Ruptured Knee Ligament, Hip Injury, Knock, Thigh Muscle Strain",143.0,19.0,24,22,17,1480,0,1,11,10,15,13,14,5,17,14,4,19,11,13,12,15,12,15,13,17,8,17,1,0.5238095238095238,0,0,0,0,0,0,0,0,0,0,0,0,1,0,0,0,0,0,0,0,0,0,0,0,1,0,0,0
Edinson Cavani,3,"Knock, Muscle Injury, Knock",42.0,12.0,33,26,13,1375,4,0,16,10,14,14,17,12,14,17,13,14,16,12,16,17,18,15,17,14,14,14,1,0.5306122448979592,0,0,0,0,0,0,0,0,0,0,0,0,1,0,0,0,0,0,0,0,0,0,0,0,0,0,0,1
Dean Henderson,1,Hip Injury,29.0,0.0,23,13,12,1125,3,0,13,4,12,12,12,13,9,15,11,13,16,14,13,12,13,13,13,15,12,14,1,0.21311475409836064,0,0,0,0,0,0,0,0,0,0,0,0,1,0,0,0,0,0,0,0,0,0,1,0,0,0,0,0
Nemanja Matic,0,,,0.0,31,20,12,1106,2,0,13,13,17,17,14,15,9,15,12,4,13,15,15,16,14,19,15,7,12,7,0,0.32786885245901637,0,0,0,0,0,0,0,0,0,0,0,0,1,0,0,0,0,0,0,0,0,1,0,0,0,0,0,0
Daniel James,2,"Knock, Knock",6.0,1.0,22,15,11,910,3,0,15,9,14,6,13,8,19,14,4,12,15,11,12,11,16,14,12,13,9,16,1,0.25,0,0,0,0,0,0,0,0,0,0,0,0,1,0,0,0,0,0,0,0,0,0,0,0,1,0,0,0
Eric Bailly,3,"Knock, Knock, Knock",26.0,6.0,26,12,10,916,3,0,14,7,14,16,16,15,16,15,8,8,15,10,8,10,18,16,17,16,16,15,1,0.21818181818181817,0,0,0,0,0,0,0,0,0,0,0,0,1,0,0,0,0,0,0,0,1,0,0,0,0,0,0,0
Alex Telles,0,,,0.0,27,9,8,690,0,0,15,13,13,10,14,13,15,14,14,14,14,13,14,14,15,15,14,14,15,16,0,0.14754098360655737,0,0,0,0,0,0,0,0,0,0,0,0,1,0,0,0,0,0,0,0,0,0,0,1,0,0,0,0
Juan Mata,1,Muscle Injury,37.0,8.0,32,9,6,509,0,0,12,17,16,8,11,3,9,13,11,15,15,15,12,15,9,13,17,14,11,10,1,0.16981132075471697,0,0,0,0,0,0,0,0,0,0,0,0,1,0,0,0,0,0,0,0,0,1,0,0,0,0,0,0
Donny van de Beek,3,"Groin Injury, Muscle Injury, Muscle Injury",72.0,12.0,23,19,4,524,1,0,18,16,16,11,16,7,12,15,13,13,15,12,14,14,13,13,13,14,14,11,1,0.3877551020408163,0,0,0,0,0,0,0,0,0,0,0,0,1,0,0,0,0,0,0,0,0,1,0,0,0,0,0,0
Axel Tuanzebe,1,Ankle Injury,123.0,20.0,22,9,4,404,2,0,13,8,13,14,14,15,16,14,12,7,16,13,12,14,14,14,15,14,14,14,1,0.21951219512195122,0,0,0,0,0,0,0,0,0,0,0,0,1,0,0,0,0,0,0,0,1,0,0,0,0,0,0,0
Brandon Williams,1,Knock,22.0,6.0,19,4,2,188,0,0,15,6,14,10,14,12,15,15,10,11,18,11,12,11,16,14,12,14,16,16,1,0.07272727272727272,0,0,0,0,0,0,0,0,0,0,0,0,1,0,0,0,0,0,0,0,0,0,0,1,0,0,0,0
Amad Diallo,0,,,0.0,18,3,2,166,0,0,11,12,8,6,11,5,12,15,8,16,17,11,10,11,7,13,12,15,7,14,0,0.04918032786885246,0,0,0,0,0,0,0,0,0,0,0,0,1,0,0,0,0,0,0,0,0,0,0,0,0,0,1,0
Anthony Elanga,0,,,0.0,18,2,2,155,0,0,6,7,6,9,6,6,16,13,6,15,11,5,4,7,8,8,8,6,6,16,0,0.03278688524590164,0,0,0,0,0,0,0,0,0,0,0,0,1,0,0,0,0,0,0,0,0,0,0,0,1,0,0,0
Odion Ighalo,0,,,0.0,31,1,0,10,0,0,12,11,12,14,14,9,14,16,8,16,15,12,11,14,12,17,12,13,11,15,0,0.01639344262295082,0,0,0,0,0,0,0,0,0,0,0,0,1,0,0,0,0,0,0,0,0,0,0,0,0,0,0,1
Hannibal Mejbri,0,,,0.0,17,1,0,9,0,0,11,14,11,7,12,7,11,13,8,15,16,11,9,10,7,11,9,12,14,12,0,0.01639344262295082,0,0,0,0,0,0,0,0,0,0,0,0,1,0,0,0,0,0,0,0,0,1,0,0,0,0,0,0
Andrew Robertson,1,Hip Injury,4.0,0.0,26,38,38,3383,2,0,17,14,16,12,17,15,16,18,12,11,15,15,15,14,16,14,16,14,15,16,1,0.6666666666666666,0,0,0,0,0,0,0,0,0,0,1,0,0,0,0,0,0,0,0,0,0,0,0,1,0,0,0,0
Mohamed Salah,0,,,0.0,28,37,34,3078,0,0,14,16,14,14,14,7,18,16,10,15,16,14,15,15,11,17,16,16,10,18,0,0.6491228070175439,0,0,0,0,0,0,0,0,0,0,1,0,0,0,0,0,0,0,0,0,0,0,0,0,0,0,1,0
Trent Alexander-Arnold,2," Hamstring Injury, Calf Injury",64.0,4.0,21,36,34,3031,2,0,15,16,15,12,14,12,14,14,13,14,16,14,13,15,14,14,15,14,15,14,1,0.6792452830188679,0,0,0,0,0,0,0,0,0,0,1,0,0,0,0,0,0,0,0,0,0,0,0,0,0,1,0,0
Georginio Wijnaldum,0,,,0.0,29,38,34,2941,1,0,16,12,16,14,16,14,13,17,13,14,15,15,16,15,13,17,16,15,13,14,0,0.6666666666666666,0,0,0,0,0,0,0,0,0,0,1,0,0,0,0,0,0,0,0,0,0,1,0,0,0,0,0,0
Alisson,2,"Hip Injury, Shoulder Injury",33.0,6.0,27,33,33,2970,1,0,11,13,11,14,12,17,13,18,9,13,19,15,15,18,14,16,15,15,12,15,1,0.6470588235294118,0,0,0,0,0,0,0,0,0,0,1,0,0,0,0,0,0,0,0,0,0,0,1,0,0,0,0,0
Roberto Firmino,1,Knee Injury,27.0,3.0,28,36,33,2838,2,0,18,17,18,14,16,14,13,17,6,17,14,14,15,17,13,17,16,15,13,13,1,0.6666666666666666,0,0,0,0,0,0,0,0,0,0,1,0,0,0,0,0,0,0,0,0,0,0,0,0,0,0,0,1
Sadio Mane,1,Knock,7.0,2.0,28,35,31,2810,3,0,14,15,14,12,14,11,18,18,9,17,15,15,16,15,12,16,16,16,10,18,1,0.6363636363636364,0,0,0,0,0,0,0,0,0,0,1,0,0,0,0,0,0,0,0,0,0,0,0,0,1,0,0,0
Fabinho,3,"Muscle Injury, Muscular Problems, Hamstring Injury",64.0,11.0,26,30,28,2567,6,0,15,14,15,15,15,16,14,16,12,13,15,15,15,15,15,14,17,14,16,14,1,0.6521739130434783,0,0,0,0,0,0,0,0,0,0,1,0,0,0,0,0,0,0,0,0,0,1,0,0,0,0,0,0
Thiago,1,Knee Injury,72.0,17.0,29,24,20,1854,4,0,15,19,10,9,15,14,10,11,8,18,11,13,10,18,8,12,18,17,13,14,1,0.6,0,0,0,0,0,0,0,0,0,0,1,0,0,0,0,0,0,0,0,0,0,1,0,0,0,0,0,0
Jordan Henderson,3,"Groin Surgery, Knock, Hip Problems",94.0,17.0,30,21,20,1704,0,0,18,14,18,14,18,15,14,18,18,13,19,15,15,16,16,14,16,13,15,13,1,0.525,0,0,0,0,0,0,0,0,0,0,1,0,0,0,0,0,0,0,0,0,0,1,0,0,0,0,0,0
Nathaniel Phillips,0,,,0.0,23,17,15,1456,2,0,12,8,14,15,12,12,14,11,9,5,13,10,11,13,16,10,9,8,10,11,0,0.2982456140350877,0,0,0,0,0,0,0,0,0,0,1,0,0,0,0,0,0,0,0,0,1,0,0,0,0,0,0,0
Curtis Jones,0,,,0.0,19,24,13,1179,2,0,12,14,12,11,12,8,14,12,13,15,15,12,12,14,10,13,11,14,10,15,0,0.42105263157894735,0,0,0,0,0,0,0,0,0,0,1,0,0,0,0,0,0,0,0,0,0,0,0,0,1,0,0,0
Diogo Jota,2,"Foot Injury, Bruised Knee",89.0,21.0,23,19,12,1112,2,0,15,12,10,9,13,5,15,14,6,17,17,11,10,13,14,13,13,16,17,16,1,0.5277777777777778,0,0,0,0,0,0,0,0,0,0,1,0,0,0,0,0,0,0,0,0,0,0,0,0,1,0,0,0
James Milner,6,"Thigh Muscle Strain, Hamstring Injury, Calf Injury, Thigh Muscle Strain, Knock, Hamstring Injury",61.0,13.0,34,26,11,1070,3,0,18,14,18,15,17,13,12,18,16,13,19,14,16,14,17,14,14,12,14,11,1,0.5909090909090909,0,0,0,0,0,0,0,0,0,0,1,0,0,0,0,0,0,0,0,0,0,1,0,0,0,0,0,0
Ozan Kabak,3,"Muscle Injury, Hip Injury, Groin Strain",30.0,6.0,20,9,9,801,3,0,12,10,14,16,12,12,12,13,9,6,14,11,11,14,15,15,13,13,8,13,1,0.17647058823529413,0,0,0,0,0,0,0,0,0,0,1,0,0,0,0,0,0,0,0,0,1,0,0,0,0,0,0,0
Joel Matip,5,"Ankle Injury, Groin Strain, Back Trouble, Bruise, Thigh Problems",226.0,38.0,28,10,9,691,2,0,13,10,14,14,15,17,14,15,8,10,14,15,15,15,14,13,15,14,15,14,1,0.5263157894736842,0,0,0,0,0,0,0,0,0,0,1,0,0,0,0,0,0,0,0,0,1,0,0,0,0,0,0,0
Rhys Williams,1,Groin Injury,9.0,1.0,19,9,7,661,0,0,14,11,13,12,14,11,12,12,11,4,17,9,11,12,7,13,11,11,11,12,1,0.16071428571428573,0,0,0,0,0,0,0,0,0,0,1,0,0,0,0,0,0,0,0,0,0,1,0,0,0,0,0,0
Naby Keita,3,"Ankle Injury, Ligament Injury, Hamstring Injury",77.0,17.0,25,10,7,520,1,0,16,15,16,11,17,14,13,15,9,15,14,13,14,15,14,16,17,17,15,15,1,0.25,0,0,0,0,0,0,0,0,0,0,1,0,0,0,0,0,0,0,0,0,0,1,0,0,0,0,0,0
Joe Gomez,1,Patella Problems,231.0,39.0,23,7,6,590,0,0,14,8,14,15,15,15,16,15,10,9,17,14,14,15,14,14,15,15,14,16,1,0.3888888888888889,0,0,0,0,0,0,0,0,0,0,1,0,0,0,0,0,0,0,0,0,1,0,0,0,0,0,0,0
Xherdan Shaqiri,1,Muscle Injury,40.0,9.0,28,14,5,556,2,0,12,16,12,13,14,7,14,13,9,17,14,14,12,15,11,17,12,17,12,14,1,0.2916666666666667,0,0,0,0,0,0,0,0,0,0,1,0,0,0,0,0,0,0,0,0,0,0,0,0,0,0,1,0
Virgil van Dijk,1,Cruciate Ligament Rupture,255.0,45.0,29,5,5,370,1,0,12,14,14,17,14,17,16,17,16,12,18,18,17,16,15,15,16,12,17,16,1,0.4166666666666667,0,0,0,0,0,0,0,0,0,0,1,0,0,0,0,0,0,0,0,0,1,0,0,0,0,0,0,0
Adrian,0,,,0.0,33,3,3,270,0,0,10,10,9,12,11,13,8,14,13,3,15,13,14,12,13,13,13,15,10,9,0,0.05263157894736842,0,0,0,0,0,0,0,0,0,0,1,0,0,0,0,0,0,0,0,0,0,0,1,0,0,0,0,0
Neco Williams,1,Ankle Injury,2.0,0.0,19,6,3,249,1,0,10,9,10,7,14,8,13,14,3,10,14,8,9,8,10,8,10,9,16,14,1,0.10526315789473684,0,0,0,0,0,0,0,0,0,0,1,0,0,0,0,0,0,0,0,0,0,0,0,0,0,1,0,0
Takumi Minamino,0,,,0.0,25,9,2,293,0,0,13,14,13,9,12,7,15,14,8,16,14,11,13,11,14,10,11,16,12,16,0,0.15789473684210525,0,0,0,0,0,0,0,0,0,0,1,0,0,0,0,0,0,0,0,0,0,0,0,0,0,0,1,0
Alex Oxlade-Chamberlain,1,Knee Injury,113.0,20.0,26,13,2,253,0,0,14,14,14,14,14,11,16,15,9,16,16,14,14,14,13,15,13,15,11,15,1,0.35135135135135137,0,0,0,0,0,0,0,0,0,0,1,0,0,0,0,0,0,0,0,0,0,1,0,0,0,0,0,0
Divock Origi,0,,,0.0,25,9,2,186,0,0,15,12,13,15,13,7,15,13,7,15,13,13,13,14,11,15,13,14,14,15,0,0.15789473684210525,0,0,0,0,0,0,0,0,0,0,1,0,0,0,0,0,0,0,0,0,0,0,0,0,0,0,0,1
Caoimhin Kelleher,0,,,0.0,21,2,2,180,0,0,10,10,11,10,10,10,10,11,12,3,15,10,10,10,10,11,10,12,7,11,0,0.03508771929824561,0,0,0,0,0,0,0,0,0,0,1,0,0,0,0,0,0,0,0,0,0,0,1,0,0,0,0,0
Kostas Tsimikas,2,"Knee Injury, Thigh Problems",80.0,17.0,24,2,0,7,0,0,15,12,13,12,14,13,16,15,6,13,17,11,12,13,15,14,13,15,15,16,1,0.05,0,0,0,0,0,0,0,0,0,0,1,0,0,0,0,0,0,0,0,0,0,0,0,1,0,0,0,0
Kasper Schmeichel,0,,,0.0,33,38,38,3420,0,0,15,13,15,10,12,13,11,15,17,2,16,14,12,12,16,8,14,14,17,12,0,0.6666666666666666,0,0,0,0,0,0,0,0,0,1,0,0,0,0,0,0,0,0,0,0,0,0,1,0,0,0,0,0
Youri Tielemans,0,,,0.0,23,38,37,3357,6,0,15,17,14,10,13,12,11,14,14,15,14,15,12,16,12,12,14,14,11,13,0,0.6666666666666666,0,0,0,0,0,0,0,0,0,1,0,0,0,0,0,0,0,0,0,0,0,1,0,0,0,0,0,0
Jamie Vardy,3,"Groin Injury, Groin Surgery, Calf Strain",33.0,7.0,33,34,31,2840,1,0,16,13,17,13,17,5,17,16,13,12,17,13,16,16,17,12,15,12,17,17,1,0.68,0,0,0,0,0,0,0,0,0,1,0,0,0,0,0,0,0,0,0,0,0,0,0,0,0,0,0,1
Jonny Evans,5,"Muscle Injury, Knock, Back Injury, Knock, Thigh Muscle Strain",37.0,8.0,32,28,28,2473,7,0,14,11,14,14,15,16,11,15,15,3,15,13,14,16,14,15,16,11,12,12,1,0.5714285714285714,0,0,0,0,0,0,0,0,0,1,0,0,0,0,0,0,0,0,0,0,1,0,0,0,0,0,0,0
Timothy Castagne,3,"Fracture Of The Orbit, Thigh Muscle Strain, Thigh Muscle Strain",134.0,19.0,24,27,27,2345,1,0,15,10,14,11,14,13,15,14,10,11,18,13,14,13,12,14,12,14,12,14,1,0.7105263157894737,0,0,0,0,0,0,0,0,0,1,0,0,0,0,0,0,0,0,0,0,0,0,0,0,0,1,0,0
Wesley Fofana,3,"Thigh Muscle Injury, Knee Injury, Knee Injury",44.0,9.0,19,28,27,2262,7,0,13,12,12,14,14,14,15,14,10,10,12,12,12,12,13,10,12,13,10,13,1,0.5833333333333334,0,0,0,0,0,0,0,0,0,1,0,0,0,0,0,0,0,0,0,0,0,1,0,0,0,0,0,0
Wilfred Ndidi,2,"Thigh Muscle Strain, Tear In The Abductor Muscle, ",87.0,18.0,23,26,25,2176,6,0,17,13,15,14,17,14,12,17,10,11,14,13,13,12,13,11,18,12,14,13,1,0.6666666666666666,0,0,0,0,0,0,0,0,0,1,0,0,0,0,0,0,0,0,0,0,0,1,0,0,0,0,0,0
James Maddison,5,"Knee Injury, Knee Injury, Knee Injury, Hamstring Injury, Hip Injury",95.0,9.0,23,31,24,2099,4,0,13,16,12,8,13,10,13,12,8,16,13,14,12,15,12,16,12,15,8,13,1,0.6458333333333334,0,0,0,0,0,0,0,0,0,1,0,0,0,0,0,0,0,0,0,0,0,1,0,0,0,0,0,0
James Justin,1,Cruciate Ligament Rupture,331.0,50.0,22,23,23,2070,4,0,15,9,14,12,16,11,15,12,8,7,15,12,11,10,11,11,10,13,12,15,1,1.0,0,0,0,0,0,0,0,0,0,1,0,0,0,0,0,0,0,0,0,0,0,0,0,0,0,1,0,0
Harvey Barnes,1,Knee Injury,122.0,16.0,22,25,22,1945,0,0,12,13,12,12,13,6,15,13,7,15,15,11,9,12,11,12,11,14,9,14,1,0.6097560975609756,0,0,0,0,0,0,0,0,0,1,0,0,0,0,0,0,0,0,0,0,0,0,0,0,1,0,0,0
Ãaglar SÃ¶yÃ¼ncÃ¼,1,Tear In The Abductor Muscle,82.0,17.0,24,23,19,1819,2,0,14,9,13,15,13,14,15,13,11,9,16,12,13,14,17,15,15,12,14,14,1,0.575,0,0,0,0,0,0,0,0,0,1,0,0,0,0,0,0,0,0,0,0,1,0,0,0,0,0,0,0
Marc Albrighton,0,,,0.0,30,31,17,1746,2,0,18,14,17,9,17,14,12,15,7,12,14,10,16,12,14,11,12,12,14,12,0,0.543859649122807,0,0,0,0,0,0,0,0,0,1,0,0,0,0,0,0,0,0,0,0,0,0,0,0,1,0,0,0
Kelechi Iheanacho,0,,,0.0,23,25,16,1459,1,0,12,11,14,14,15,6,13,12,6,12,12,11,12,15,11,12,14,15,11,15,0,0.43859649122807015,0,0,0,0,0,0,0,0,0,1,0,0,0,0,0,0,0,0,0,0,0,0,0,0,0,0,0,1
Nampalys Mendy,1,Neck Injury,6.0,1.0,28,23,15,1459,5,0,16,12,16,12,17,13,13,15,7,8,13,12,12,14,14,14,14,14,12,15,1,0.4107142857142857,0,0,0,0,0,0,0,0,0,1,0,0,0,0,0,0,0,0,0,0,0,1,0,0,0,0,0,0
Ayoze Perez,1,Calf Injury,1.0,0.0,27,25,15,1331,2,0,17,13,16,9,16,8,13,15,10,15,13,13,12,12,10,13,14,14,6,12,1,0.43859649122807015,0,0,0,0,0,0,0,0,0,1,0,0,0,0,0,0,0,0,0,0,0,1,0,0,0,0,0,0
Luke Thomas,0,,,0.0,19,14,12,969,2,0,16,11,13,10,15,11,13,12,12,7,13,12,10,12,12,9,13,12,8,14,0,0.24561403508771928,0,0,0,0,0,0,0,0,0,1,0,0,0,0,0,0,0,0,0,0,0,0,0,0,0,0,1,0
Ricardo Pereira,0,,,0.0,26,15,10,959,3,0,16,13,15,10,15,13,15,15,7,13,15,12,12,12,13,13,14,14,11,16,0,0.2631578947368421,0,0,0,0,0,0,0,0,0,1,0,0,0,0,0,0,0,0,0,0,0,0,0,0,0,1,0,0
Dennis Praet,2,"Hamstring Injury, Knee Injury",85.0,18.0,26,15,10,718,0,0,12,14,14,10,15,10,12,14,11,16,13,15,18,14,13,8,12,13,7,12,1,0.38461538461538464,0,0,0,0,0,0,0,0,0,1,0,0,0,0,0,0,0,0,0,0,0,1,0,0,0,0,0,0
Daniel Amartey,1,Hamstring injury,75.0,15.0,25,12,8,722,3,0,15,8,14,14,14,13,12,10,8,5,16,13,13,12,15,13,13,12,15,11,1,0.2857142857142857,0,0,0,0,0,0,0,0,0,1,0,0,0,0,0,0,0,0,0,0,0,0,0,0,0,1,0,0
Christian Fuchs,1,Groin Injury,56.0,2.0,34,9,8,702,4,0,15,13,16,14,15,12,11,15,14,11,13,14,15,14,11,13,13,10,14,10,1,0.16363636363636364,0,0,0,0,0,0,0,0,0,1,0,0,0,0,0,0,0,0,0,0,0,0,0,1,0,0,0,0
Hamza Choudhury,0,,,0.0,22,10,4,316,1,0,17,12,15,12,17,12,12,14,11,11,14,13,12,13,14,13,15,13,17,14,0,0.17543859649122806,0,0,0,0,0,0,0,0,0,1,0,0,0,0,0,0,0,0,0,0,0,1,0,0,0,0,0,0
Cengiz Acender,2,"Ankle Injury, Thigh Muscle, Strain",18.0,3.0,23,9,1,281,0,0,11,11,12,6,12,4,15,14,5,15,12,13,12,11,8,12,14,16,7,17,1,0.16666666666666666,0,0,0,0,0,0,0,0,0,1,0,0,0,0,0,0,0,0,0,0,0,0,0,0,0,0,1,0
Sidnei Tavares,0,,,0.0,18,2,1,85,0,0,12,12,12,10,7,8,12,15,2,13,16,8,10,9,6,9,7,8,6,12,0,0.03508771929824561,0,0,0,0,0,0,0,0,0,1,0,0,0,0,0,0,0,0,0,0,0,1,0,0,0,0,0,0
Islam Slimani,0,,,0.0,32,1,0,20,0,0,16,13,14,15,13,8,13,14,12,10,16,14,12,14,15,15,16,12,17,11,0,0.017543859649122806,0,0,0,0,0,0,0,0,0,1,0,0,0,0,0,0,0,0,0,0,0,0,0,0,0,0,0,1
Demarai Gray,0,,,0.0,24,1,0,19,0,0,12,11,10,9,13,8,16,15,7,15,13,10,10,11,7,12,9,14,9,15,0,0.017543859649122806,0,0,0,0,0,0,0,0,0,1,0,0,0,0,0,0,0,0,0,0,0,0,0,0,0,0,1,0
Wes Morgan,2,"Back Injury, Thigh Muscle Strain",121.0,24.0,36,3,0,18,0,0,16,8,16,18,16,13,9,16,16,3,16,14,13,12,17,15,15,6,17,8,1,0.09090909090909091,0,0,0,0,0,0,0,0,0,1,0,0,0,0,0,0,0,0,0,0,1,0,0,0,0,0,0,0
Khanya Leshabela,0,,,0.0,20,1,0,10,0,0,12,7,8,7,8,7,14,14,13,13,17,10,9,10,8,9,8,14,8,14,0,0.017543859649122806,0,0,0,0,0,0,0,0,0,1,0,0,0,0,0,0,0,0,0,0,0,0,0,0,0,0,1,0
Tomas Soucek,0,,,0.0,25,38,38,3419,7,1,15,7,14,16,16,15,12,16,12,5,16,16,13,13,15,16,14,8,15,13,0,0.8636363636363636,0,0,0,0,0,0,0,0,0,0,0,0,0,0,0,0,0,0,1,0,0,1,0,0,0,0,0,0
Aaron Cresswell,2,"Ankle Injury, Groin Injury",9.0,2.0,30,36,36,3170,3,0,17,9,18,10,15,12,14,15,9,12,13,12,13,14,13,13,14,12,8,14,1,0.8571428571428571,0,0,0,0,0,0,0,0,0,0,0,0,0,0,0,0,0,0,1,0,0,0,0,1,0,0,0,0
Lukasz Fabianski,2,"Arm Injury, Strain",23.0,3.0,35,35,35,3150,2,0,13,10,14,13,10,15,8,13,8,5,15,12,18,16,12,12,13,16,10,9,1,0.8536585365853658,0,0,0,0,0,0,0,0,0,0,0,0,0,0,0,0,0,0,1,0,0,0,1,0,0,0,0,0
Vladimir Coufal,0,,,0.0,27,34,34,3054,3,0,16,6,13,16,16,12,14,14,12,6,17,11,13,10,17,16,10,14,15,14,0,0.7727272727272727,0,0,0,0,0,0,0,0,0,0,0,0,0,0,0,0,0,0,1,0,0,0,0,0,0,1,0,0
Declan Rice,0,,,0.0,21,32,32,2879,2,0,15,12,14,13,15,15,13,15,13,10,17,13,13,17,14,13,14,13,12,12,0,0.7272727272727273,0,0,0,0,0,0,0,0,0,0,0,0,0,0,0,0,0,0,1,0,0,1,0,0,0,0,0,0
Pablo Fornals,0,,,0.0,24,33,31,2572,3,0,9,15,13,11,14,12,12,14,11,15,14,13,12,13,8,12,14,15,15,12,0,0.75,0,0,0,0,0,0,0,0,0,0,0,0,0,0,0,0,0,0,1,0,0,1,0,0,0,0,0,0
Jarrod Bowen,0,,,0.0,23,38,30,2562,0,0,17,13,13,7,14,8,14,13,5,14,17,12,10,13,8,10,13,15,8,14,0,0.8636363636363636,0,0,0,0,0,0,0,0,0,0,0,0,0,0,0,0,0,0,1,0,0,0,0,0,0,0,1,0
Angelo Ogbonna,2,"Ankle Injury, Groin Injury",70.0,8.0,32,28,28,2492,5,0,13,10,12,15,15,16,14,12,11,10,12,13,13,12,15,15,13,12,16,12,1,0.7777777777777778,0,0,0,0,0,0,0,0,0,0,0,0,0,0,0,0,0,0,1,0,1,0,0,0,0,0,0,0
Michail Antonio,5,"Muscle Injury, Knock, Strain, Hamstring Injury, Hamstring Injury",97.0,13.0,30,26,24,1974,3,0,13,10,14,16,13,9,16,13,9,14,14,10,9,11,13,16,11,14,13,15,1,0.8387096774193549,0,0,0,0,0,0,0,0,0,0,0,0,0,0,0,0,0,0,1,0,0,0,0,0,0,0,1,0
Craig Dawson,0,,,0.0,30,22,22,1925,5,1,13,7,15,15,15,15,12,18,13,7,17,11,12,11,17,11,12,10,15,11,0,0.5,0,0,0,0,0,0,0,0,0,0,0,0,0,0,0,0,0,0,1,0,1,0,0,0,0,0,0,0
Jesse Lingard,1,Knock,45.0,10.0,27,16,16,1421,3,0,17,11,16,8,17,10,15,16,5,13,16,12,12,10,13,13,13,15,15,15,1,0.47058823529411764,0,0,0,0,0,0,0,0,0,0,0,0,0,0,0,0,0,0,1,0,0,0,0,0,1,0,0,0
Issa Diop,2,"Head Injury, Knock",17.0,1.0,23,18,15,1381,3,0,14,9,14,16,13,14,14,16,14,3,15,13,12,12,12,14,14,10,14,13,1,0.4186046511627907,0,0,0,0,0,0,0,0,0,0,0,0,0,0,0,0,0,0,1,0,1,0,0,0,0,0,0,0
Said Benrahma,1,Knock,14.0,2.0,24,30,14,1391,0,0,13,13,9,9,14,6,14,14,6,18,14,11,11,13,11,12,11,15,10,14,1,0.7142857142857143,0,0,0,0,0,0,0,0,0,0,0,0,0,0,0,0,0,0,1,0,0,0,0,0,1,0,0,0
Fabian Balbuena,2,"Calf Injury, Groin Strain",9.0,2.0,28,14,13,1198,1,1,13,8,13,14,13,14,11,11,16,5,14,13,13,14,13,14,14,12,13,13,1,0.3333333333333333,0,0,0,0,0,0,0,0,0,0,0,0,0,0,0,0,0,0,1,0,1,0,0,0,0,0,0,0
Arthur Masuaku,1,Knee Surgery,97.0,20.0,26,12,12,1006,2,0,14,12,11,11,15,10,15,16,8,15,12,10,11,12,10,13,12,15,9,16,1,0.5,0,0,0,0,0,0,0,0,0,0,0,0,0,0,0,0,0,0,1,0,0,0,0,1,0,0,0,0
Sebastien Haller,1,Knock,16.0,1.0,26,16,10,937,0,0,14,12,16,18,15,8,15,13,7,14,10,15,13,14,17,16,12,13,10,12,1,0.37209302325581395,0,0,0,0,0,0,0,0,0,0,0,0,0,0,0,0,0,0,1,0,0,0,0,0,0,0,0,1
Mark Noble,2,"Chest Injury, Ankle Injury",40.0,5.0,33,21,8,712,1,0,15,14,20,11,13,14,10,14,19,11,16,14,13,14,14,16,13,12,15,9,1,0.5384615384615384,0,0,0,0,0,0,0,0,0,0,0,0,0,0,0,0,0,0,1,0,0,1,0,0,0,0,0,0
Ryan Fredericks,2,"Groin Injury, Strain",50.0,5.0,27,14,6,569,2,0,14,8,12,9,13,11,17,12,10,14,12,12,12,11,10,10,12,15,14,18,1,0.358974358974359,0,0,0,0,0,0,0,0,0,0,0,0,0,0,0,0,0,0,1,0,0,0,0,0,0,1,0,0
Manuel Lanzini,2,"Strain, Strain",9.0,1.0,27,17,5,566,1,0,12,14,13,8,13,5,14,12,10,15,12,12,10,13,10,13,11,14,12,15,1,0.3953488372093023,0,0,0,0,0,0,0,0,0,0,0,0,0,0,0,0,0,0,1,0,0,1,0,0,0,0,0,0
Ben Johnson,0,,,0.0,20,14,5,523,1,0,15,5,10,11,14,8,14,11,10,3,14,14,10,8,10,10,7,14,13,15,0,0.3181818181818182,0,0,0,0,0,0,0,0,0,0,0,0,0,0,0,0,0,0,1,0,0,0,0,0,0,1,0,0
Darren Randolph,1,Knock,88.0,15.0,33,3,3,270,0,0,9,9,10,15,13,14,9,12,14,5,15,10,9,13,12,15,10,15,10,9,1,0.10344827586206896,0,0,0,0,0,0,0,0,0,0,0,0,0,0,0,0,0,0,1,0,0,0,1,0,0,0,0,0
Andriy Yarmolenko,2,"Fitness, Torn Knee Ligament",53.0,8.0,30,15,1,375,3,0,11,14,12,13,13,8,14,14,13,16,14,14,14,13,15,15,14,14,11,12,1,0.4166666666666667,0,0,0,0,0,0,0,0,0,0,0,0,0,0,0,0,0,0,1,0,0,0,0,0,0,0,1,0
Robert Snodgrass,1,Knee Problems,1.0,0.0,32,3,0,5,0,0,15,13,15,13,15,10,11,14,10,14,16,13,11,12,11,13,13,11,14,11,1,0.06818181818181818,0,0,0,0,0,0,0,0,0,0,0,0,0,0,0,0,0,0,1,0,0,0,0,0,0,0,1,0
Felipe Anderson,0,,,0.0,27,2,0,3,0,0,12,15,11,8,11,6,16,16,8,18,14,12,8,12,9,11,12,15,13,16,0,0.045454545454545456,0,0,0,0,0,0,0,0,0,0,0,0,0,0,0,0,0,0,1,0,0,0,0,0,1,0,0,0
Pierre Højbjerg,0,,,0.0,24,38,38,3420,9,0,17,15,16,14,16,10,12,16,13,11,16,9,9,16,14,16,11,10,17,11,0,0.6551724137931034,0,0,0,0,0,0,0,0,0,0,0,0,0,0,0,0,1,0,0,0,0,1,0,0,0,0,0,0
Hugo Lloris,2,"Knock, Knock",11.0,2.0,33,38,38,3420,0,0,16,9,15,14,15,16,12,15,15,6,15,14,14,7,18,11,17,17,15,14,1,0.6785714285714286,0,0,0,0,0,0,0,0,0,0,0,0,0,0,0,0,1,0,0,0,0,0,1,0,0,0,0,0
Son Heung-min,2,"Hamstring Injury, Hamstring Injury",25.0,6.0,28,37,36,3114,0,0,17,12,15,10,16,7,15,16,13,13,13,13,11,17,6,12,16,15,8,16,1,0.7115384615384616,0,0,0,0,0,0,0,0,0,0,0,0,0,0,0,0,1,0,0,0,0,0,0,0,1,0,0,0
Harry Kane,2,"Ankle Injury, Ankle Injury",13.0,4.0,27,35,35,3082,1,0,18,18,18,14,17,11,12,16,15,12,19,16,15,18,16,13,16,12,11,13,1,0.6481481481481481,0,0,0,0,0,0,0,0,0,0,0,0,0,0,0,0,1,0,0,0,0,0,0,0,0,0,0,1
Eric Dier,1,Strain,12.0,2.0,26,28,28,2520,3,0,15,12,16,15,13,15,13,14,13,5,16,12,12,12,15,11,14,10,15,11,1,0.5,0,0,0,0,0,0,0,0,0,0,0,0,0,0,0,0,1,0,0,0,0,1,0,0,0,0,0,0
Tanguy Ndombele,1,Knock,3.0,1.0,23,33,28,2091,3,0,16,14,15,16,14,12,15,15,10,15,16,13,12,13,14,15,14,14,13,15,1,0.5789473684210527,0,0,0,0,0,0,0,0,0,0,0,0,0,0,0,0,1,0,0,0,0,1,0,0,0,0,0,0
Sergio Reguillon,4,"Muscle Injury, Knock, Knock, Sprained Ankle",46.0,9.0,23,27,26,2244,5,0,16,13,14,12,16,14,15,14,12,12,15,14,14,12,13,14,13,14,12,15,1,0.5510204081632653,0,0,0,0,0,0,0,0,0,0,0,0,0,0,0,0,1,0,0,0,0,0,0,1,0,0,0,0
Toby Alderweireld,1,Groin Strain,14.0,4.0,31,25,25,2240,2,0,14,13,15,16,14,15,11,15,12,10,14,15,14,15,14,12,15,12,13,12,1,0.46296296296296297,0,0,0,0,0,0,0,0,0,0,0,0,0,0,0,0,1,0,0,0,1,0,0,0,0,0,0,0
Serge Aurier,5,"Groin Injury, Foot Injury, Knock, Arch Pain, Knock",40.0,11.0,27,19,19,1605,0,0,16,10,15,14,16,13,14,15,10,11,15,12,12,14,15,14,13,13,15,15,1,0.40425531914893614,0,0,0,0,0,0,0,0,0,0,0,0,0,0,0,0,1,0,0,0,0,0,0,0,0,1,0,0
Davinson Sanchez,0,,,0.0,24,18,17,1486,1,0,14,10,14,15,15,13,15,14,9,10,14,14,11,14,16,14,13,14,15,14,0,0.3103448275862069,0,0,0,0,0,0,0,0,0,0,0,0,0,0,0,0,1,0,0,0,1,0,0,0,0,0,0,0
Moussa Sissoko,0,,,0.0,30,25,15,1585,3,0,18,13,17,16,18,12,14,17,12,12,13,15,14,12,14,16,16,13,11,14,0,0.43103448275862066,0,0,0,0,0,0,0,0,0,0,0,0,0,0,0,0,1,0,0,0,0,1,0,0,0,0,0,0
Lucas Moura,0,,,0.0,27,30,14,1411,1,0,16,12,15,9,14,7,15,15,7,14,14,12,12,13,12,15,14,16,11,15,0,0.5172413793103449,0,0,0,0,0,0,0,0,0,0,0,0,0,0,0,0,1,0,0,0,0,0,0,0,0,0,1,0
Ben Davies,1,Shinbone Injury,68.0,10.0,27,20,14,1346,1,0,16,13,15,14,16,14,12,14,6,9,15,14,11,13,18,13,14,13,13,13,1,0.4166666666666667,0,0,0,0,0,0,0,0,0,0,0,0,0,0,0,0,1,0,0,0,0,0,0,1,0,0,0,0
Matt Doherty,1,Muscle Injury,29.0,5.0,28,17,13,1240,4,1,13,13,14,14,16,12,13,15,12,12,14,14,14,15,13,13,13,11,11,14,1,0.32075471698113206,0,0,0,0,0,0,0,0,0,0,0,0,0,0,0,0,1,0,0,0,0,0,0,0,0,1,0,0
Steven Bergwijn,2,"Knock, Knock",20.0,2.0,22,21,13,1208,3,0,11,13,12,12,12,7,15,14,5,16,13,11,12,11,13,14,14,16,10,15,1,0.375,0,0,0,0,0,0,0,0,0,0,0,0,0,0,0,0,1,0,0,0,0,0,0,0,1,0,0,0
Giovani Lo Celso,4,"Hamstring Injury, Knock, Muscle Injury, Thigh Muscle Strain",134.0,27.0,24,18,11,945,5,0,14,17,16,11,14,12,13,12,10,15,15,16,13,14,12,15,16,14,10,14,1,0.5806451612903226,0,0,0,0,0,0,0,0,0,0,0,0,0,0,0,0,1,0,0,0,0,1,0,0,0,0,0,0
Gareth Bale,3,"Calf Problems, Knock, Knee Problems",64.0,17.0,31,20,10,920,1,0,10,13,10,17,17,7,17,12,9,17,12,12,11,12,11,13,14,13,11,14,1,0.4878048780487805,0,0,0,0,0,0,0,0,0,0,0,0,0,0,0,0,1,0,0,0,0,0,0,0,1,0,0,0
Harry Winks,1,Knock,6.0,1.0,24,15,9,861,5,0,16,13,16,11,15,13,13,11,11,10,14,13,13,16,14,16,14,13,13,13,1,0.2631578947368421,0,0,0,0,0,0,0,0,0,0,0,0,0,0,0,0,1,0,0,0,0,1,0,0,0,0,0,0
Joe Rodon,0,,,0.0,22,12,8,733,0,0,14,11,11,14,13,13,14,12,12,8,15,12,12,10,15,9,13,12,13,13,0,0.20689655172413793,0,0,0,0,0,0,0,0,0,0,0,0,0,0,0,0,1,0,0,0,1,0,0,0,0,0,0,0
Dele Alli,1,Tendon Irritation,18.0,5.0,24,15,7,620,0,0,17,15,16,12,18,10,12,18,7,17,15,11,11,16,12,13,16,15,12,11,1,0.2830188679245283,0,0,0,0,0,0,0,0,0,0,0,0,0,0,0,0,1,0,0,0,0,1,0,0,0,0,0,0
Japhet Tanganga,3,"Shoulder Injury, Thigh Priblems, Thigh Muscle Strain",104.0,18.0,21,6,6,487,2,0,14,10,13,14,15,12,14,7,9,1,15,11,12,13,14,12,11,13,13,14,1,0.15,0,0,0,0,0,0,0,0,0,0,0,0,0,0,0,0,1,0,0,0,1,0,0,0,0,0,0,0
Erik Lamela,1,Calf Injury,53.0,12.0,28,23,5,717,6,1,18,16,16,11,14,9,13,10,5,17,16,11,11,17,12,13,13,16,14,13,1,0.5,0,0,0,0,0,0,0,0,0,0,0,0,0,0,0,0,1,0,0,0,0,0,0,0,0,0,1,0
Carlos Vinicius,1,Knock,5.0,1.0,25,9,3,308,2,0,12,12,13,17,14,8,13,14,8,11,14,13,12,15,13,15,13,12,13,12,1,0.15789473684210525,0,0,0,0,0,0,0,0,0,0,0,0,0,0,0,0,1,0,0,0,0,0,0,0,0,0,0,1
Dane Scarlett,0,,,0.0,16,1,0,1,0,0,11,7,6,10,9,7,13,15,6,9,15,8,8,12,10,10,10,11,5,13,0,0.017241379310344827,0,0,0,0,0,0,0,0,0,0,0,0,0,0,0,0,1,0,0,0,0,0,0,0,0,0,0,1
Bernd Leno,0,,,0.0,28,35,35,3131,0,1,10,7,16,12,12,13,10,14,9,2,14,13,14,13,14,14,16,16,8,12,0,0.603448275862069,1,0,0,0,0,0,0,0,0,0,0,0,0,0,0,0,0,0,0,0,0,0,1,0,0,0,0,0
Bukayo Saka,3,"Hip Problem, Ankle Injury, Hamstring Injury",10.0,2.0,18,32,30,2553,1,0,14,13,13,9,13,5,16,14,3,15,14,10,9,11,8,11,11,17,11,17,1,0.5714285714285714,1,0,0,0,0,0,0,0,0,0,0,0,0,0,0,0,0,0,0,0,0,0,0,0,1,0,0,0
Granit Xhaka,0,,,0.0,27,31,29,2522,7,1,14,17,16,15,16,10,12,14,11,12,12,12,8,12,15,15,13,10,17,10,0,0.5344827586206896,1,0,0,0,0,0,0,0,0,0,0,0,0,0,0,0,0,0,0,0,0,1,0,0,0,0,0,0
Rob Holding,1,Hamstring Injury,14.0,4.0,24,30,28,2558,2,0,15,12,16,13,15,14,15,14,11,10,14,13,14,14,14,14,13,13,12,13,1,0.5555555555555556,1,0,0,0,0,0,0,0,0,0,0,0,0,0,0,0,0,0,0,0,1,0,0,0,0,0,0,0
Pierre-Emerick Aubameyang,2,"Knock, Calf Injury",20.0,5.0,31,29,26,2332,2,0,14,11,14,12,15,7,18,15,12,15,13,12,14,14,12,12,15,15,12,19,1,0.5471698113207547,1,0,0,0,0,0,0,0,0,0,0,0,0,0,0,0,0,0,0,0,0,0,0,0,0,0,0,1
Kieran Tierney,3,"Knee Injury, Knee Injury, Groin Injury",74.0,16.0,23,27,26,2299,4,0,15,10,15,11,14,12,15,13,11,12,16,12,14,11,17,14,13,15,15,16,1,0.6428571428571429,1,0,0,0,0,0,0,0,0,0,0,0,0,0,0,0,0,0,0,0,0,0,0,1,0,0,0,0
Hector Bellerin,0,,,0.0,25,25,24,2089,8,0,15,10,14,9,15,12,18,16,11,12,14,12,13,13,15,12,12,15,12,19,0,0.43103448275862066,1,0,0,0,0,0,0,0,0,0,0,0,0,0,0,0,0,0,0,0,0,0,0,0,0,1,0,0
Gabriel,0,,,0.0,22,23,22,1996,4,1,16,15,15,12,13,14,12,13,11,14,14,14,15,15,14,15,13,13,16,12,0,0.39655172413793105,1,0,0,0,0,0,0,0,0,0,0,0,0,0,0,0,0,0,0,0,0,1,0,0,0,0,0,0
Alexandre Lacazette,1,Head Injury,1.0,0.0,29,31,22,1923,3,0,17,14,15,14,16,7,16,15,10,15,13,14,14,15,14,15,15,16,10,16,1,0.5344827586206896,1,0,0,0,0,0,0,0,0,0,0,0,0,0,0,0,0,0,0,0,0,0,0,0,0,0,0,1
Thomas Partey,4,"Hamstring Injury, Knock, Hip Injury, Muscle Injury",78.0,17.0,27,24,18,1534,5,0,17,13,17,15,16,14,15,16,12,11,15,15,14,13,14,10,13,13,12,13,1,0.5853658536585366,1,0,0,0,0,0,0,0,0,0,0,0,0,0,0,0,0,0,0,0,0,1,0,0,0,0,0,0
Emile Smith-Rowe,2,"Knock, Shoulder Injury",44.0,8.0,20,20,18,1440,0,0,14,14,14,8,11,8,14,13,5,14,15,11,9,12,9,8,12,16,13,16,1,0.4,1,0,0,0,0,0,0,0,0,0,0,0,0,0,0,0,0,0,0,0,0,0,0,0,1,0,0,0
Dani Ceballos,2,"Calf Injury, Anke Injury",23.0,5.0,23,25,17,1615,4,0,15,15,13,10,13,12,13,11,11,12,12,13,12,12,15,10,13,14,13,15,1,0.4716981132075472,1,0,0,0,0,0,0,0,0,0,0,0,0,0,0,0,0,0,0,0,0,1,0,0,0,0,0,0
Mohamed Elneny,0,,,0.0,28,23,17,1544,3,0,16,13,16,15,16,14,13,18,11,8,14,14,14,15,14,15,14,12,12,12,0,0.39655172413793105,1,0,0,0,0,0,0,0,0,0,0,0,0,0,0,0,0,0,0,0,0,1,0,0,0,0,0,0
David Luiz,5,"Hamstring Injury, Head Injury, Knock, Hamstring Injury, Neck Injury",49.0,12.0,33,20,17,1396,1,1,16,12,13,14,15,13,13,16,12,14,14,10,9,11,17,15,16,12,17,15,1,0.43478260869565216,1,0,0,0,0,0,0,0,0,0,0,0,0,0,0,0,0,0,0,0,1,0,0,0,0,0,0,0
Nicolas Pepe,1,Muscle Fatigue,4.0,1.0,25,29,16,1616,1,1,12,10,12,12,14,6,17,14,7,16,12,10,12,14,9,12,14,15,6,19,1,0.5087719298245614,1,0,0,0,0,0,0,0,0,0,0,0,0,0,0,0,0,0,0,0,0,0,0,0,0,0,1,0
Willian,2,"Calf Injury, Calf Injury",18.0,4.0,31,25,16,1406,0,0,19,15,18,11,14,7,16,12,8,15,16,14,12,13,9,10,14,13,9,15,1,0.46296296296296297,1,0,0,0,0,0,0,0,0,0,0,0,0,0,0,0,0,0,0,0,0,0,0,0,0,0,1,0
Pablo Mari,1,Calf Injury,22.0,6.0,26,10,10,900,2,0,14,14,13,14,14,14,13,11,14,7,12,12,14,14,15,12,13,12,12,12,1,0.19230769230769232,1,0,0,0,0,0,0,0,0,0,0,0,0,0,0,0,0,0,0,0,1,0,0,0,0,0,0,0
Martin Odegaard,5,"Ankle Injury, Knock, Muscle Injury, Calf Injury, Knee Problems",80.0,14.0,21,14,9,866,0,0,14,16,17,12,15,10,14,13,7,18,15,16,12,13,9,13,13,16,7,14,1,0.3181818181818182,1,0,0,0,0,0,0,0,0,0,0,0,0,0,0,0,0,0,0,0,0,1,0,0,0,0,0,0
Calum Chambers,0,,,0.0,25,10,8,753,0,0,14,12,15,14,15,14,13,14,11,9,14,13,13,14,13,14,14,11,13,13,0,0.1724137931034483,1,0,0,0,0,0,0,0,0,0,0,0,0,0,0,0,0,0,0,0,0,0,0,0,0,1,0,0
Cedric Soares,1,Calf Strain,31.0,4.0,28,10,8,746,1,0,13,11,14,7,15,14,15,14,11,12,14,13,13,11,14,15,13,14,14,15,1,0.18518518518518517,1,0,0,0,0,0,0,0,0,0,0,0,0,0,0,0,0,0,0,0,0,0,0,0,0,1,0,0
Martinelli,2,"Ankle Injury, Calf Injury",9.0,2.0,19,14,7,589,0,0,11,9,8,6,9,12,13,13,8,1,5,13,7,5,9,6,8,13,12,11,1,0.25,1,0,0,0,0,0,0,0,0,0,0,0,0,0,0,0,0,0,0,0,0,1,0,0,0,0,0,0
Eddie Nketiah,0,,,0.0,21,17,4,423,0,0,13,11,14,8,13,4,16,14,4,13,14,12,10,14,9,12,12,14,11,17,0,0.29310344827586204,1,0,0,0,0,0,0,0,0,0,0,0,0,0,0,0,0,0,0,0,0,0,0,0,0,0,0,1
Mathew Ryan,1,Groin Injury,8.0,2.0,28,3,3,270,0,0,12,11,10,10,15,17,11,14,14,8,16,12,12,14,15,10,13,14,13,11,1,0.05357142857142857,1,0,0,0,0,0,0,0,0,0,0,0,0,0,0,0,0,0,0,0,0,0,1,0,0,0,0,0
Sead Kolasinac,1,Knock,12.0,4.0,27,1,1,90,0,0,17,9,15,17,15,12,17,18,10,9,17,11,13,10,18,17,12,13,17,14,1,0.018518518518518517,1,0,0,0,0,0,0,0,0,0,0,0,0,0,0,0,0,0,0,0,0,0,0,1,0,0,0,0
Reiss Nelson,2,"Head Injury, Knee Injury",54.0,12.0,20,2,0,71,0,0,14,12,10,8,12,8,16,14,5,15,12,10,9,12,10,12,11,15,12,15,1,0.043478260869565216,1,0,0,0,0,0,0,0,0,0,0,0,0,0,0,0,0,0,0,0,0,0,0,0,0,0,1,0
Shkodran Mustafi,2,"Muscular Problems, Muscle Injury",102.0,13.0,28,3,0,47,0,0,16,11,15,15,15,14,15,15,10,6,14,11,10,10,17,14,13,13,14,15,1,0.06666666666666667,1,0,0,0,0,0,0,0,0,0,0,0,0,0,0,0,0,0,0,0,1,0,0,0,0,0,0,0
Rúnar Alex Rúnarsson,0,,,0.0,25,1,0,16,0,0,12,10,11,11,13,13,10,12,10,3,12,11,13,12,12,11,13,13,12,11,0,0.017241379310344827,1,0,0,0,0,0,0,0,0,0,0,0,0,0,0,0,0,0,0,0,0,0,1,0,0,0,0,0
Stuart Dallas,0,,,0.0,29,38,38,3409,7,0,18,9,17,8,17,12,12,17,12,12,17,12,13,12,13,13,11,11,10,12,0,0.95,0,0,0,0,0,0,0,0,1,0,0,0,0,0,0,0,0,0,0,0,0,0,0,0,0,0,1,0
Luke Ayling,0,,,0.0,28,38,38,3399,7,0,15,10,15,14,15,14,13,13,14,6,15,13,13,12,15,12,13,11,14,13,0,0.95,0,0,0,0,0,0,0,0,1,0,0,0,0,0,0,0,0,0,0,0,0,0,0,0,0,1,0,0
Patrick Bamford,0,,,0.0,26,38,37,3050,3,0,14,13,14,11,14,12,13,10,9,12,13,12,13,11,8,11,14,13,6,13,0,0.95,0,0,0,0,0,0,0,0,1,0,0,0,0,0,0,0,0,0,0,0,0,0,0,0,0,0,0,1
Illan Meslier,0,,,0.0,20,35,35,3150,0,0,12,10,13,9,14,11,9,15,8,4,4,10,12,12,14,12,12,13,12,9,0,0.875,0,0,0,0,0,0,0,0,1,0,0,0,0,0,0,0,0,0,0,0,0,0,1,0,0,0,0,0
Jack Harrison,0,,,0.0,23,36,34,2847,2,0,13,12,13,8,15,10,15,15,7,14,15,9,10,12,13,13,12,15,11,14,0,0.9,0,0,0,0,0,0,0,0,1,0,0,0,0,0,0,0,0,0,0,0,0,0,0,0,1,0,0,0
Ezgjan Alioski,0,,,0.0,28,36,29,2461,7,0,19,12,13,9,17,11,13,19,9,17,17,8,12,9,17,12,10,13,18,13,0,0.9,0,0,0,0,0,0,0,0,1,0,0,0,0,0,0,0,0,0,0,0,0,0,0,0,1,0,0,0
Kalvin Phillips,1,Calf Injury,24.0,4.0,24,29,28,2428,10,0,16,14,15,14,15,13,13,17,10,10,15,14,14,13,15,14,15,12,16,12,1,0.8055555555555556,0,0,0,0,0,0,0,0,1,0,0,0,0,0,0,0,0,0,0,0,0,1,0,0,0,0,0,0
Mateusz Klich,1,Thigh Muscle Strain,10.0,0.0,30,35,28,2393,6,0,13,15,14,12,16,7,12,16,12,15,15,13,12,14,13,13,14,11,10,11,1,0.875,0,0,0,0,0,0,0,0,1,0,0,0,0,0,0,0,0,0,0,0,0,1,0,0,0,0,0,0
Raphinha,2,"Knock, Ankle Injury",13.0,2.0,23,30,26,2360,3,0,14,14,11,7,14,8,15,11,6,17,15,14,12,14,13,14,13,16,14,16,1,0.7894736842105263,0,0,0,0,0,0,0,0,1,0,0,0,0,0,0,0,0,0,0,0,0,0,0,0,0,0,1,0
Liam Cooper,3,"Chest Injury, Groin Injury, Calf Strain",57.0,8.0,28,25,25,2185,4,1,15,12,15,14,15,14,12,14,16,6,15,14,11,13,16,13,14,10,13,10,1,0.78125,0,0,0,0,0,0,0,0,1,0,0,0,0,0,0,0,0,0,0,0,1,0,0,0,0,0,0,0
Pascal Struijk,0,,,0.0,20,27,22,2075,3,0,13,8,11,13,12,12,11,13,5,4,11,11,10,12,12,13,11,11,8,10,0,0.675,0,0,0,0,0,0,0,0,1,0,0,0,0,0,0,0,0,0,0,0,1,0,0,0,0,0,0,0
Tyler Roberts,0,,,0.0,21,27,14,1340,3,0,13,12,12,13,13,5,15,11,6,13,12,11,9,12,10,11,12,13,9,14,0,0.675,0,0,0,0,0,0,0,0,1,0,0,0,0,0,0,0,0,0,0,0,0,0,0,0,0,0,0,1
Rodrigo,1,Groin Injury,33.0,7.0,29,26,14,1288,3,0,13,14,12,12,14,9,17,14,5,14,13,13,9,10,12,13,16,16,12,17,1,0.7878787878787878,0,0,0,0,0,0,0,0,1,0,0,0,0,0,0,0,0,0,0,0,0,0,0,0,0,0,0,1
Diego Llorente,3,"Hamstring Injury, Groin Injury, Groin Injury",121.0,19.0,26,15,14,1204,1,0,16,9,15,13,14,16,13,13,11,6,12,15,15,12,18,8,14,11,15,12,1,0.7142857142857143,0,0,0,0,0,0,0,0,1,0,0,0,0,0,0,0,0,0,0,0,1,0,0,0,0,0,0,0
Hélder Costa,0,,,0.0,26,22,13,1156,0,0,12,13,10,8,12,5,16,12,7,16,13,12,10,13,10,11,13,15,9,16,0,0.55,0,0,0,0,0,0,0,0,1,0,0,0,0,0,0,0,0,0,0,0,0,0,0,0,1,0,0,0
Robin Koch,1,Knee Injury,94.0,18.0,24,17,13,1132,1,0,11,10,17,15,13,14,14,13,9,5,13,13,14,11,12,12,15,10,7,11,1,0.7727272727272727,0,0,0,0,0,0,0,0,1,0,0,0,0,0,0,0,0,0,0,0,1,0,0,0,0,0,0,0
Jamie Shackleton,1,Knock,37.0,4.0,20,13,3,461,0,0,13,13,14,8,14,11,14,15,8,12,15,12,12,13,13,13,13,16,14,15,1,0.3611111111111111,0,0,0,0,0,0,0,0,1,0,0,0,0,0,0,0,0,0,0,0,0,1,0,0,0,0,0,0
Pablo Hernandez,1,"Knock, Groin Injury",60.0,6.0,35,16,3,427,1,0,11,17,17,6,9,5,11,15,12,16,14,16,13,17,8,15,17,12,6,12,1,0.47058823529411764,0,0,0,0,0,0,0,0,1,0,0,0,0,0,0,0,0,0,0,0,0,0,0,0,0,0,1,0
Kiko Casilla,1,Ankle Injury,31.0,3.0,33,3,3,270,0,0,13,10,13,15,14,14,14,13,13,11,15,11,13,13,16,12,14,14,12,11,1,0.08108108108108109,0,0,0,0,0,0,0,0,1,0,0,0,0,0,0,0,0,0,0,0,0,0,1,0,0,0,0,0
Gaetano Berardi,0,,,0.0,31,2,1,113,0,0,18,5,14,13,17,13,13,15,13,2,18,12,14,10,20,13,13,10,19,12,0,0.05,0,0,0,0,0,0,0,0,1,0,0,0,0,0,0,0,0,0,0,0,0,0,0,0,0,1,0,0
Ian Carlo Poveda,1,Ankle Injury,32.0,6.0,20,14,0,355,0,0,7,11,8,7,12,7,14,7,3,14,8,9,12,11,9,13,9,13,7,14,1,0.4117647058823529,0,0,0,0,0,0,0,0,1,0,0,0,0,0,0,0,0,0,0,0,0,0,0,0,0,0,1,0
Niall Huggins,0,,,0.0,19,1,0,38,0,0,11,9,10,7,13,2,13,13,6,12,13,9,7,11,8,11,9,12,5,13,0,0.025,0,0,0,0,0,0,0,0,1,0,0,0,0,0,0,0,0,0,0,0,0,0,0,0,0,0,0,1
Leif Davis,0,,,0.0,20,2,0,33,0,0,12,10,13,10,12,13,13,13,5,10,11,11,11,11,13,12,12,13,9,12,0,0.05,0,0,0,0,0,0,0,0,1,0,0,0,0,0,0,0,0,0,0,0,0,0,0,1,0,0,0,0
Michael Keane,0,,,0.0,27,35,33,2991,4,0,13,10,15,14,13,14,13,14,12,8,17,14,12,11,13,13,14,9,11,11,0,0.7608695652173914,0,0,0,0,0,0,1,0,0,0,0,0,0,0,0,0,0,0,0,0,1,0,0,0,0,0,0,0
Richarlison,2,"Bruise, Head Injury",15.0,2.0,23,34,33,2861,4,1,16,10,8,15,16,7,16,15,9,14,14,9,12,12,13,12,12,14,14,14,1,0.7727272727272727,0,0,0,0,0,0,1,0,0,0,0,0,0,0,0,0,0,0,0,0,0,0,0,0,1,0,0,0
Dominic Calvert-Lewin,2,"Hamstring Injury, Muscle Injury",32.0,5.0,23,33,32,2871,3,0,16,10,13,15,15,6,15,14,5,13,14,13,11,12,14,14,11,14,13,16,1,0.8048780487804879,0,0,0,0,0,0,1,0,0,0,0,0,0,0,0,0,0,0,0,0,0,0,0,0,0,0,0,1
Jordan Pickford,1,Chest Injury,17.0,5.0,26,31,31,2742,1,0,11,13,10,13,13,14,8,9,14,3,14,12,14,11,15,12,14,16,16,8,1,0.7560975609756098,0,0,0,0,0,0,1,0,0,0,0,0,0,0,0,0,0,0,0,0,0,0,1,0,0,0,0,0
Lucas Digne,1,Ankle Injury,46.0,9.0,27,30,30,2681,2,1,17,12,14,13,16,12,14,15,8,10,16,13,12,16,15,14,13,15,13,15,1,0.8108108108108109,0,0,0,0,0,0,1,0,0,0,0,0,0,0,0,0,0,0,0,0,0,0,0,1,0,0,0,0
Ben Godfrey,1,Hamstring Injury,11.0,1.0,22,31,29,2685,4,0,15,13,14,13,15,14,15,15,13,7,14,12,14,15,14,13,12,13,12,16,1,0.6888888888888889,0,0,0,0,0,0,1,0,0,0,0,0,0,0,0,0,0,0,0,0,1,0,0,0,0,0,0,0
Abdoulaye Doucoure,1,Foot Injury,64.0,9.0,27,29,29,2443,6,0,15,13,16,15,16,12,13,16,11,12,14,14,14,15,13,15,14,13,12,15,1,0.7837837837837838,0,0,0,0,0,0,1,0,0,0,0,0,0,0,0,0,0,0,0,0,0,1,0,0,0,0,0,0
Mason Holgate,1,Ankle Injury,49.0,8.0,23,28,26,2287,9,0,13,11,13,14,15,14,15,15,10,9,13,14,10,14,13,13,13,15,13,14,1,0.7368421052631579,0,0,0,0,0,0,1,0,0,0,0,0,0,0,0,0,0,0,0,0,1,0,0,0,0,0,0,0
Gylfi Sigurðsson,0,,,0.0,30,36,24,2253,2,0,16,11,14,12,17,12,12,18,14,13,16,13,13,14,13,13,11,12,15,10,0,0.782608695652174,0,0,0,0,0,0,1,0,0,0,0,0,0,0,0,0,0,0,0,0,0,1,0,0,0,0,0,0
Allan,2,"Muscle Injury, Groin Injury",72.0,13.0,29,24,23,2051,6,0,17,13,16,16,16,16,14,14,13,13,17,14,15,13,16,18,14,14,16,13,1,0.7272727272727273,0,0,0,0,0,0,1,0,0,0,0,0,0,0,0,0,0,0,0,0,0,1,0,0,0,0,0,0
Yerry Mina,2,"Calf Injury, Muscle Injury",83.0,9.0,25,24,23,1937,2,0,14,9,13,16,12,14,13,11,15,9,15,13,12,14,13,8,11,13,13,13,1,0.6486486486486487,0,0,0,0,0,0,1,0,0,0,0,0,0,0,0,0,0,0,0,0,1,0,0,0,0,0,0,0
James Rodriuez,7,"Calf Injury, Calf Injury, Calf Injury, Calf Strain, Groin Injury, Knock, Knock",100.0,15.0,29,23,21,1764,4,0,10,19,12,10,13,9,11,12,10,18,13,16,13,18,12,14,16,14,10,12,1,0.7419354838709677,0,0,0,0,0,0,1,0,0,0,0,0,0,0,0,0,0,0,0,0,0,1,0,0,0,0,0,0
Seamus Coleman,2,"Muscle Injury, Muscle Injury",59.0,8.0,31,25,18,1613,0,0,15,9,15,13,15,13,15,14,15,11,18,14,13,13,15,14,12,12,15,13,1,0.6578947368421053,0,0,0,0,0,0,1,0,0,0,0,0,0,0,0,0,0,0,0,0,0,0,0,0,0,1,0,0
Andre Gomes,1,Bruise,19.0,2.0,27,28,17,1570,3,0,14,15,14,14,12,11,13,13,9,13,12,13,11,16,9,15,13,11,10,11,1,0.6363636363636364,0,0,0,0,0,0,1,0,0,0,0,0,0,0,0,0,0,0,0,0,0,1,0,0,0,0,0,0
Alex Iwobi,0,,,0.0,24,30,17,1542,0,0,15,15,15,13,15,5,14,14,8,15,15,13,12,12,13,14,13,15,12,15,0,0.6521739130434783,0,0,0,0,0,0,1,0,0,0,0,0,0,0,0,0,0,0,0,0,0,0,0,0,1,0,0,0
Tom Davies,1,Bruise,7.0,1.0,22,25,17,1423,3,0,17,13,15,11,15,11,12,15,7,14,14,12,14,12,15,13,12,14,15,14,1,0.5555555555555556,0,0,0,0,0,0,1,0,0,0,0,0,0,0,0,0,0,0,0,0,0,1,0,0,0,0,0,0
Robin Olsen,0,,,0.0,30,7,7,630,1,0,10,8,12,14,10,14,10,14,10,2,14,13,15,14,14,13,12,12,13,11,0,0.15217391304347827,0,0,0,0,0,0,1,0,0,0,0,0,0,0,0,0,0,0,0,0,0,0,1,0,0,0,0,0
Bernard,0,,,0.0,27,12,3,455,2,0,11,14,13,7,13,6,14,15,10,18,14,14,11,12,8,8,12,16,10,16,0,0.2608695652173913,0,0,0,0,0,0,1,0,0,0,0,0,0,0,0,0,0,0,0,0,0,0,0,0,1,0,0,0
Fabian Delph,2,"Hamstring Injury, Knock",84.0,14.0,30,8,2,266,1,0,16,13,17,15,14,14,14,12,16,12,12,13,13,12,17,14,13,15,15,13,1,0.25,0,0,0,0,0,0,1,0,0,0,0,0,0,0,0,0,0,0,0,0,0,1,0,0,0,0,0,0
Anthony Gordon,0,,,0.0,19,3,1,88,0,0,14,10,11,6,13,9,14,16,10,13,4,7,8,8,9,7,8,10,13,15,0,0.06521739130434782,0,0,0,0,0,0,1,0,0,0,0,0,0,0,0,0,0,0,0,0,0,0,0,0,1,0,0,0
Niels Nkounkou,1,Hamstring Injury,14.0,4.0,19,2,1,81,1,0,12,9,9,10,14,8,12,14,5,1,10,14,8,5,8,9,9,11,9,12,1,0.047619047619047616,0,0,0,0,0,0,1,0,0,0,0,0,0,0,0,0,0,0,0,0,0,0,0,1,0,0,0,0
Jonjoe Kenny,2,"Knee Problems, Ankle Injury",63.0,7.0,23,4,1,79,0,0,15,10,13,12,16,14,15,14,13,6,15,12,12,10,15,12,12,11,11,13,1,0.10256410256410256,0,0,0,0,0,0,1,0,0,0,0,0,0,0,0,0,0,0,0,0,0,0,0,0,0,1,0,0
Joshua King,4,"Back Injury, Thigh Problems, Thigh Problems, Thigh Problems",61.0,13.0,28,11,0,148,0,0,13,7,13,13,13,6,18,16,5,16,13,9,12,10,9,10,10,14,5,18,1,0.3333333333333333,0,0,0,0,0,0,1,0,0,0,0,0,0,0,0,0,0,0,0,0,0,0,0,0,1,0,0,0
Cenk Tosun,2,"Patella Rupture, Edeme In The Knee",222.0,28.0,29,5,0,48,1,0,15,10,13,14,12,8,10,14,13,12,17,13,15,15,14,14,15,9,14,9,1,0.2777777777777778,0,0,0,0,0,0,1,0,0,0,0,0,0,0,0,0,0,0,0,0,0,0,0,0,0,0,0,1
João Virgínia,0,,,0.0,20,1,0,48,0,0,10,10,11,7,16,8,12,12,5,3,10,7,9,8,11,8,11,15,12,13,0,0.021739130434782608,0,0,0,0,0,0,1,0,0,0,0,0,0,0,0,0,0,0,0,0,0,0,1,0,0,0,0,0
Moise Kean,3,"Muscle Fatigue, Muscular Problems, Knock",35.0,0.0,20,2,0,15,0,0,15,11,10,14,10,5,16,18,12,12,16,8,9,10,16,14,12,15,16,17,1,0.043478260869565216,0,0,0,0,0,0,1,0,0,0,0,0,0,0,0,0,0,0,0,0,0,0,0,0,0,0,0,1
Jean-Philippe Gbamin,1,Medial Collateral Ligament Injury,81.0,9.0,24,1,0,12,0,0,16,10,14,16,17,12,15,18,11,7,16,12,13,13,17,15,11,12,16,13,1,0.02702702702702703,0,0,0,0,0,0,1,0,0,0,0,0,0,0,0,0,0,0,0,0,0,1,0,0,0,0,0,0
Nathan Broadhead,0,,,0.0,22,1,0,3,0,0,11,11,10,9,11,7,13,11,7,13,9,11,11,10,11,11,10,12,11,13,0,0.021739130434782608,0,0,0,0,0,0,1,0,0,0,0,0,0,0,0,0,0,0,0,0,0,0,0,0,1,0,0,0
Emiliano Martinez,0,,,0.0,27,38,38,3420,1,0,11,5,11,13,12,13,10,13,7,1,13,11,14,12,13,13,13,16,7,10,0,0.9047619047619048,0,1,0,0,0,0,0,0,0,0,0,0,0,0,0,0,0,0,0,0,0,0,1,0,0,0,0,0
Matt Targett,1,Knock,1.0,0.0,24,38,38,3404,7,0,14,13,13,13,14,13,12,13,9,10,14,12,13,12,11,14,12,14,10,10,1,0.9047619047619048,0,1,0,0,0,0,0,0,0,0,0,0,0,0,0,0,0,0,0,0,0,0,0,1,0,0,0,0
John McGinn,0,,,0.0,25,37,37,3330,12,0,16,15,13,15,14,13,13,15,8,11,15,13,11,12,13,14,12,12,14,13,0,0.8809523809523809,0,1,0,0,0,0,0,0,0,0,0,0,0,0,0,0,0,0,0,0,0,1,0,0,0,0,0,0
Ollie Watkins,0,,,0.0,24,37,37,3328,4,1,12,12,12,13,14,5,14,14,8,14,14,12,10,13,11,13,13,14,8,14,0,0.8809523809523809,0,1,0,0,0,0,0,0,0,0,0,0,0,0,0,0,0,0,0,0,0,0,0,0,1,0,0,0
Tyrone Mings,0,,,0.0,27,36,36,3194,6,1,14,12,13,15,13,14,14,14,15,13,16,12,12,15,16,13,13,12,15,14,0,0.8571428571428571,0,1,0,0,0,0,0,0,0,0,0,0,0,0,0,0,0,0,0,0,1,0,0,0,0,0,0,0
Ezri Konsa,1,Knock,12.0,2.0,22,36,35,3196,3,0,16,14,15,12,15,14,13,14,8,10,11,12,12,15,12,13,13,14,13,14,1,0.9,0,1,0,0,0,0,0,0,0,0,0,0,0,0,0,0,0,0,0,0,1,0,0,0,0,0,0,0
Douglas Luiz,0,,,0.0,22,33,32,2781,10,1,13,13,13,13,14,13,13,13,12,14,13,12,12,14,12,13,14,14,13,14,0,0.7857142857142857,0,1,0,0,0,0,0,0,0,0,0,0,0,0,0,0,0,0,0,0,0,1,0,0,0,0,0,0
Bertrand Traore,1,Bruised Rib,18.0,1.0,24,36,29,2317,1,0,11,11,9,10,13,10,16,13,7,13,13,9,10,12,9,10,10,16,8,16,1,0.8780487804878049,0,1,0,0,0,0,0,0,0,0,0,0,0,0,0,0,0,0,0,0,0,0,0,0,0,0,1,0
Matty Cash,0,,,0.0,22,28,28,2372,8,1,13,11,11,10,14,10,13,12,9,11,15,11,12,12,11,13,13,10,8,11,0,0.6666666666666666,0,1,0,0,0,0,0,0,0,0,0,0,0,0,0,0,0,0,0,0,0,0,0,0,0,0,1,0
Jack Grealish,2,"Shinbone Injury, Calf Injury",80.0,12.0,24,26,24,2185,6,0,15,16,14,14,13,10,15,15,12,17,14,14,11,14,13,14,13,15,11,15,1,0.8666666666666667,0,1,0,0,0,0,0,0,0,0,0,0,0,0,0,0,0,0,0,0,0,0,0,0,1,0,0,0
Anwar El Ghazi,0,,,0.0,25,28,17,1613,2,0,11,11,8,11,13,4,14,13,6,16,14,10,8,10,11,14,12,13,11,13,0,0.6666666666666666,0,1,0,0,0,0,0,0,0,0,0,0,0,0,0,0,0,0,0,0,0,0,0,0,0,0,1,0
Trezeguet,2,"Knee Surgery, Head Injury",289.0,33.0,25,21,12,1166,0,0,14,14,13,11,13,8,15,15,12,16,13,11,12,12,11,14,14,13,13,14,1,1.0,0,1,0,0,0,0,0,0,0,0,0,0,0,0,0,0,0,0,0,0,0,0,0,0,1,0,0,0
Marvelous Nakamba,0,,,0.0,26,13,9,749,3,0,16,13,15,14,16,13,11,14,8,12,16,11,13,12,17,16,14,13,18,12,0,0.30952380952380953,0,1,0,0,0,0,0,0,0,0,0,0,0,0,0,0,0,0,0,0,0,1,0,0,0,0,0,0
Ahmed Elmohamady,1,Hamstring Injury,54.0,1.0,32,14,8,839,2,0,14,13,13,11,14,10,13,15,8,11,8,12,10,13,10,13,12,13,13,12,1,0.34146341463414637,0,1,0,0,0,0,0,0,0,0,0,0,0,0,0,0,0,0,0,0,0,0,0,0,0,0,1,0
Kortney Hause,2,"Ankle Injury, Groin Injury",162.0,22.0,25,7,7,630,2,0,13,9,12,15,15,13,14,12,10,7,9,12,11,12,12,12,13,14,11,14,1,0.35,0,1,0,0,0,0,0,0,0,0,0,0,0,0,0,0,0,0,0,0,1,0,0,0,0,0,0,0
Jacob Ramsey,0,,,0.0,19,22,6,626,0,0,12,9,10,9,9,6,13,13,2,12,9,10,11,9,10,7,8,12,12,14,0,0.5238095238095238,0,1,0,0,0,0,0,0,0,0,0,0,0,0,0,0,0,0,0,0,0,1,0,0,0,0,0,0
Morgan Sanson,2,"Muscle Injury, Contracture",34.0,6.0,25,9,3,294,3,0,16,15,16,12,14,10,14,15,10,14,14,13,12,14,12,13,13,14,12,15,1,0.25,0,1,0,0,0,0,0,0,0,0,0,0,0,0,0,0,0,0,0,0,0,1,0,0,0,0,0,0
Conor Hourihane,1,Hamstring Injury,13.0,2.0,29,4,3,225,0,0,16,14,15,11,15,11,11,16,15,10,17,13,12,14,13,12,13,11,11,12,1,0.1,0,1,0,0,0,0,0,0,0,0,0,0,0,0,0,0,0,0,0,0,0,1,0,0,0,0,0,0
Keinan Davis,1,Ankle Injury,37.0,3.0,22,15,1,277,0,0,13,11,12,14,12,7,12,11,6,11,10,10,10,10,13,12,10,13,13,13,1,0.38461538461538464,0,1,0,0,0,0,0,0,0,0,0,0,0,0,0,0,0,0,0,0,0,0,0,0,0,0,0,1
Carney Chukwuemeka,0,,,0.0,16,2,0,20,0,0,11,5,7,1,8,7,13,4,8,12,14,11,2,4,5,6,9,13,12,13,0,0.047619047619047616,0,1,0,0,0,0,0,0,0,0,0,0,0,0,0,0,0,0,0,0,0,1,0,0,0,0,0,0
Wesley,1,Knee Inury,112.0,17.0,23,3,0,18,0,0,14,12,14,17,14,8,12,15,8,13,12,13,12,13,13,15,14,12,16,12,1,0.12,0,1,0,0,0,0,0,0,0,0,0,0,0,0,0,0,0,0,0,0,0,0,0,0,0,0,0,1
Neil Taylor,0,,,0.0,31,1,0,16,1,0,15,10,14,12,15,14,14,15,9,8,14,12,13,12,13,12,13,14,15,13,0,0.023809523809523808,0,1,0,0,0,0,0,0,0,0,0,0,0,0,0,0,0,0,0,0,0,0,0,1,0,0,0,0
Jaden Philogene Bidace,0,,,0.0,18,1,0,1,0,0,7,7,6,6,6,5,13,12,2,10,7,6,7,9,6,5,3,9,12,14,0,0.023809523809523808,0,1,0,0,0,0,0,0,0,0,0,0,0,0,0,0,0,0,0,0,0,0,0,0,1,0,0,0
Jonjo Shelvey,3,"Hamstring Injury, Groin Injury, Groin Injury",51.0,6.0,28,30,29,2617,7,0,11,18,13,14,14,10,10,13,14,13,11,13,12,13,15,12,13,9,15,10,1,0.8108108108108109,0,0,0,0,0,0,0,0,0,0,0,0,0,1,0,0,0,0,0,0,0,1,0,0,0,0,0,0
Miguel Almiron,2,"Knee Injury, Knock",21.0,2.0,26,34,28,2429,3,0,19,15,12,9,14,11,17,10,6,15,12,11,12,9,11,12,11,15,7,18,1,0.8292682926829268,0,0,0,0,0,0,0,0,0,0,0,0,0,1,0,0,0,0,0,0,0,0,0,0,1,0,0,0
Karl Darlow,2,"Knee Injury, Groin Injury",63.0,7.0,29,25,25,2250,3,0,14,9,11,10,12,14,10,13,10,3,13,12,12,12,14,13,13,13,1,10,1,0.6944444444444444,0,0,0,0,0,0,0,0,0,0,0,0,0,1,0,0,0,0,0,0,0,0,1,0,0,0,0,0
Federico Fernandez,2,"Thigh Muscle Strain, Knock",38.0,8.0,31,24,24,2079,4,0,14,10,14,15,13,15,11,13,10,10,11,13,12,14,15,13,15,9,11,10,1,0.6857142857142857,0,0,0,0,0,0,0,0,0,0,0,0,0,1,0,0,0,0,0,0,1,0,0,0,0,0,0,0
Callum Wilson,4,"Hamstring Injury, Hamstring Injury, Hamstring Injury, Thigh Muscle Strain",99.0,12.0,28,26,23,2084,2,0,16,11,14,16,14,12,18,16,9,11,15,15,13,14,12,15,14,13,10,17,1,0.8387096774193549,0,0,0,0,0,0,0,0,0,0,0,0,0,1,0,0,0,0,0,0,0,0,0,0,0,0,0,1
Joelinton,0,,,0.0,23,31,23,1983,3,0,14,13,15,15,16,9,14,12,9,13,15,14,12,13,16,17,11,11,17,13,0,0.7209302325581395,0,0,0,0,0,0,0,0,0,0,0,0,0,1,0,0,0,0,0,0,0,0,0,0,0,0,0,1
Isaac Hayden,3,"Knee Injury, Thigh Muscle Strain, Thigh Muscle Strain",99.0,16.0,25,24,22,1942,8,0,15,10,15,12,15,14,12,16,12,8,15,13,12,14,15,12,15,11,14,12,1,0.8888888888888888,0,0,0,0,0,0,0,0,0,0,0,0,0,1,0,0,0,0,0,0,0,1,0,0,0,0,0,0
Ciaran Clark,3,"Knock, Calf Injury, Thigh Muscle Strain",43.0,7.0,30,22,21,1891,3,0,14,10,13,14,12,15,11,12,13,6,15,13,13,14,14,10,15,11,14,11,1,0.6111111111111112,0,0,0,0,0,0,0,0,0,0,0,0,0,1,0,0,0,0,0,0,1,0,0,0,0,0,0,0
Jamal Lewis,3,"Thigh Muscle Strain, Knee Problems, Facial Fracture",21.0,4.0,22,24,20,1837,4,0,14,10,13,10,16,13,15,18,2,5,14,11,12,15,12,14,13,13,10,15,1,0.6153846153846154,0,0,0,0,0,0,0,0,0,0,0,0,0,1,0,0,0,0,0,0,0,0,0,1,0,0,0,0
Jamaal Lascelles,5,"Foot Injury, Thigh Muscle Strain, Muscle Fatigue, Hip Injury, Ankle Problems",197.0,26.0,26,19,19,1625,4,0,15,4,15,16,14,14,13,16,17,4,14,12,13,12,15,11,13,10,15,11,1,1.0,0,0,0,0,0,0,0,0,0,0,0,0,0,1,0,0,0,0,0,0,1,0,0,0,0,0,0,0
Allan Saint-Maximin,3,"Groin Injury, Calf Injury, Ankle Injury",106.0,18.0,23,25,19,1560,0,0,12,10,11,13,14,6,16,14,10,19,11,10,12,13,9,12,10,16,7,16,1,1.0,0,0,0,0,0,0,0,0,0,0,0,0,0,1,0,0,0,0,0,0,0,0,0,0,1,0,0,0
Jacob Murphy,0,,,0.0,25,26,17,1626,3,0,12,12,11,9,11,8,15,13,6,12,12,6,12,12,9,13,12,14,9,16,0,0.6046511627906976,0,0,0,0,0,0,0,0,0,0,0,0,0,1,0,0,0,0,0,0,0,0,0,0,0,0,1,0
Jeff Hendrick,0,,,0.0,28,22,17,1422,3,1,15,12,16,12,14,14,13,14,11,12,14,10,14,14,12,14,13,14,8,13,0,0.5116279069767442,0,0,0,0,0,0,0,0,0,0,0,0,0,1,0,0,0,0,0,0,0,1,0,0,0,0,0,0
Sean Longstaff,1,Hamstring Injury,24.0,6.0,22,22,15,1412,2,0,16,13,16,13,15,11,12,11,10,11,7,13,11,13,13,13,13,11,11,11,1,0.5945945945945946,0,0,0,0,0,0,0,0,0,0,0,0,0,1,0,0,0,0,0,0,0,1,0,0,0,0,0,0
Matt Ritchie,1,Shoulder Injury,59.0,8.0,30,18,15,1350,2,0,18,12,15,11,15,12,12,16,15,11,14,12,12,13,15,13,13,11,15,11,1,0.5142857142857142,0,0,0,0,0,0,0,0,0,0,0,0,0,1,0,0,0,0,0,0,0,0,0,0,0,0,1,0
Emil Krafth,2,"Hip Injury, Ankle Injury",53.0,1.0,25,16,14,1288,4,0,14,14,13,13,14,14,13,12,8,8,13,13,12,12,13,15,13,13,11,14,1,0.38095238095238093,0,0,0,0,0,0,0,0,0,0,0,0,0,1,0,0,0,0,0,0,0,0,0,0,0,1,0,0
Paul Dummett,3,"Hamstring Injury, Thigh Muscle Strain, Hamstring Injury",61.0,8.0,28,15,14,1255,2,0,15,8,17,13,15,14,13,16,12,6,12,12,13,11,15,12,14,11,15,14,1,0.42857142857142855,0,0,0,0,0,0,0,0,0,0,0,0,0,1,0,0,0,0,0,0,0,0,0,1,0,0,0,0
Fabian Schar,2,"Knee Injury, Knock",79.0,10.0,28,18,13,1246,4,1,12,14,16,15,13,13,13,12,11,9,12,14,11,14,13,12,14,10,17,10,1,0.5454545454545454,0,0,0,0,0,0,0,0,0,0,0,0,0,1,0,0,0,0,0,0,1,0,0,0,0,0,0,0
Martin Dubravka,1,Heel Bone Injury,118.0,16.0,31,13,13,1170,0,0,10,12,12,12,10,15,9,14,13,14,15,11,10,12,14,13,15,12,9,13,1,0.48148148148148145,0,0,0,0,0,0,0,0,0,0,0,0,0,1,0,0,0,0,0,0,0,0,1,0,0,0,0,0
Joe Willock,0,,,0.0,20,14,11,978,0,0,13,14,14,9,13,9,15,13,4,15,13,11,12,14,10,10,12,17,10,17,0,0.32558139534883723,0,0,0,0,0,0,0,0,0,0,0,0,0,1,0,0,0,0,0,0,0,1,0,0,0,0,0,0
Javier Manquillo,2,"Ankle Injury, Knock",33.0,4.0,26,13,10,825,1,0,15,9,14,12,15,14,15,12,9,11,16,13,14,14,13,9,13,14,13,13,1,0.3333333333333333,0,0,0,0,0,0,0,0,0,0,0,0,0,1,0,0,0,0,0,0,0,0,0,0,0,1,0,0
Ryan Fraser,3,"Knock, Groin Injury, Hamstring Injury",63.0,8.0,26,18,9,928,2,1,14,11,14,13,13,10,16,12,10,13,13,13,10,12,13,14,12,13,7,17,1,0.5142857142857142,0,0,0,0,0,0,0,0,0,0,0,0,0,1,0,0,0,0,0,0,0,0,0,0,1,0,0,0
DeAndre Yedlin,2,"Torn Ankle Ligament, Knock",44.0,8.0,27,6,5,436,0,0,15,10,14,11,14,9,19,14,6,10,12,10,11,10,12,11,10,15,11,18,1,0.17142857142857143,0,0,0,0,0,0,0,0,0,0,0,0,0,1,0,0,0,0,0,0,0,0,0,0,0,1,0,0
Dwight Gayle,1,Medial Collateral Ligament Injury,97.0,13.0,29,18,4,514,0,0,12,11,11,12,13,5,14,10,8,11,13,13,12,13,9,12,16,14,12,15,1,0.6,0,0,0,0,0,0,0,0,0,0,0,0,0,1,0,0,0,0,0,0,0,0,0,0,0,0,0,1
Andy Carroll,1,Calf Injury,19.0,1.0,31,18,4,392,1,0,15,10,15,18,12,9,10,10,10,10,14,11,13,13,18,15,13,9,18,9,1,0.42857142857142855,0,0,0,0,0,0,0,0,0,0,0,0,0,1,0,0,0,0,0,0,0,0,0,0,0,0,0,1
Matthew Longstaff,1,Thigh Muscle Strain,38.0,8.0,20,5,4,377,0,0,18,13,15,13,15,12,13,13,10,11,14,12,12,13,14,11,12,10,14,12,1,0.14285714285714285,0,0,0,0,0,0,0,0,0,0,0,0,0,1,0,0,0,0,0,0,0,1,0,0,0,0,0,0
Elliot Anderson,0,,,0.0,17,1,0,4,0,0,11,8,8,6,6,8,12,14,9,12,8,7,7,7,1,7,7,10,8,14,0,0.023255813953488372,0,0,0,0,0,0,0,0,0,0,0,0,0,1,0,0,0,0,0,0,0,1,0,0,0,0,0,0
Rui Patricio,1,Head Injury,16.0,0.0,32,37,37,3329,1,0,14,10,13,15,12,16,10,16,16,11,15,15,14,14,12,16,13,14,12,11,1,0.8809523809523809,0,0,0,0,0,0,0,0,0,0,0,0,0,0,0,0,0,0,0,1,0,0,1,0,0,0,0,0
Conor Coady,0,,,0.0,27,37,37,3303,5,0,16,15,14,13,14,14,12,15,17,6,17,12,15,15,16,14,15,13,15,13,0,0.8809523809523809,0,0,0,0,0,0,0,0,0,0,0,0,0,0,0,0,0,0,0,1,1,0,0,0,0,0,0,0
Nelson Semedo,0,,,0.0,26,34,34,2983,5,0,15,12,14,13,15,13,16,15,6,14,15,11,12,12,14,14,14,16,13,17,0,0.8095238095238095,0,0,0,0,0,0,0,0,0,0,0,0,0,0,0,0,0,0,0,1,0,0,0,0,0,1,0,0
Ruben Neves,0,,,0.0,23,36,31,2675,8,0,6,5,4,9,8,10,12,18,7,1,4,11,3,5,7,5,11,12,12,12,0,0.8571428571428571,0,0,0,0,0,0,0,0,0,0,0,0,0,0,0,0,0,0,0,1,1,0,0,0,0,0,0,0
Pedro Neto,1,Knee Injury,295.0,31.0,20,31,30,2550,4,0,9,11,10,7,11,6,15,14,7,15,15,11,10,12,9,11,9,13,9,14,1,1.0,0,0,0,0,0,0,0,0,0,0,0,0,0,0,0,0,0,0,0,1,0,0,0,0,0,0,1,0
Adama Traore,2,"Hamstring Injury, Knock",7.0,1.0,24,37,28,2649,4,0,10,10,9,15,12,10,20,12,8,18,14,8,8,9,12,14,9,15,12,20,1,0.9024390243902439,0,0,0,0,0,0,0,0,0,0,0,0,0,0,0,0,0,0,0,1,0,0,0,0,0,0,1,0
Joao Moutinho,0,,,0.0,33,33,28,2528,5,1,15,17,17,10,14,14,11,13,14,15,16,14,15,14,14,13,15,14,14,13,0,0.7857142857142857,0,0,0,0,0,0,0,0,0,0,0,0,0,0,0,0,0,0,0,1,0,1,0,0,0,0,0,0
Leander Dendoncker,1,Knock,26.0,5.0,25,33,28,2503,4,0,15,11,15,12,14,12,12,12,12,10,12,14,15,12,14,14,14,12,14,14,1,0.8918918918918919,0,0,0,0,0,0,0,0,0,0,0,0,0,0,0,0,0,0,0,1,0,1,0,0,0,0,0,0
Romain Saiss,1,Knock,9.0,2.0,30,27,27,2407,2,0,13,14,14,14,13,13,12,13,10,9,15,13,14,15,13,15,13,13,12,12,1,0.675,0,0,0,0,0,0,0,0,0,0,0,0,0,0,0,0,0,0,0,1,0,1,0,0,0,0,0,0
Daniel Podence,4,"Groin Surgery, Tear In The Abductor Muscle, Thigh Problems, Shoulder Injury",197.0,19.0,24,24,22,1661,3,0,13,14,8,5,14,6,14,14,6,17,15,9,9,9,13,16,11,17,13,16,1,1.0,0,0,0,0,0,0,0,0,0,0,0,0,0,0,0,0,0,0,0,1,0,0,0,0,0,0,1,0
Willy Boly,2,"Bruise, Muscle Injury",45.0,10.0,29,21,21,1879,2,0,13,11,13,17,13,16,13,14,12,13,13,12,11,13,14,16,14,11,17,13,1,0.65625,0,0,0,0,0,0,0,0,0,0,0,0,0,0,0,0,0,0,0,1,1,0,0,0,0,0,0,0
Rayan Aït Nouri,1,Bruise,13.0,0.0,19,21,16,1404,1,0,11,13,12,10,13,14,14,12,7,12,15,12,12,12,13,12,13,13,11,14,1,0.5,0,0,0,0,0,0,0,0,0,0,0,0,0,0,0,0,0,0,0,1,0,0,0,1,0,0,0,0
Max Kilman,0,,,0.0,23,18,14,1310,4,0,12,10,12,13,12,12,14,11,6,7,13,12,11,14,10,13,14,13,7,14,0,0.42857142857142855,0,0,0,0,0,0,0,0,0,0,0,0,0,0,0,0,0,0,0,1,1,0,0,0,0,0,0,0
Willian José,0,,,0.0,28,17,12,1110,0,0,12,13,14,17,13,13,12,12,9,15,15,13,11,14,14,11,12,12,12,12,0,0.40476190476190477,0,0,0,0,0,0,0,0,0,0,0,0,0,0,0,0,0,0,0,1,0,0,0,0,0,0,0,1
Fabio Silva,0,,,0.0,18,32,11,1369,2,0,12,12,11,13,11,5,13,12,6,13,15,12,11,14,10,12,11,12,11,12,0,0.7619047619047619,0,0,0,0,0,0,0,0,0,0,0,0,0,0,0,0,0,0,0,1,0,0,0,0,0,0,0,1
Raúl Jiménez,2,"Fitness, Fractured Skull",227.0,31.0,29,10,10,823,0,0,16,11,15,13,14,10,14,14,8,9,16,12,14,13,16,14,13,12,17,15,1,0.9090909090909091,0,0,0,0,0,0,0,0,0,0,0,0,0,0,0,0,0,0,0,1,0,0,0,0,0,0,0,1
Fernando Marçal,3,"Groin Injury, Knock, Calf Injury",84.0,14.0,31,13,7,623,2,0,15,12,15,12,14,12,14,11,7,13,14,13,11,10,14,11,15,13,14,15,1,0.4642857142857143,0,0,0,0,0,0,0,0,0,0,0,0,0,0,0,0,0,0,0,1,0,0,0,1,0,0,0,0
Jonny,1,Knee Injury,180.0,26.0,26,7,7,495,0,0,16,9,15,12,15,14,15,15,12,8,12,13,16,13,16,12,14,14,14,15,1,0.4375,0,0,0,0,0,0,0,0,0,0,0,0,0,0,0,0,0,0,0,1,0,0,0,0,0,1,0,0
Ki-Jana Hoever,0,,,0.0,18,12,5,577,1,0,10,11,10,10,10,11,13,12,8,10,15,10,10,13,10,11,10,11,11,13,0,0.2857142857142857,0,0,0,0,0,0,0,0,0,0,0,0,0,0,0,0,0,0,0,1,0,0,0,0,0,1,0,0
Vitinha,0,,,0.0,20,19,5,520,0,0,10,10,10,5,12,9,11,7,5,10,13,9,7,5,9,5,9,12,8,12,0,0.4523809523809524,0,0,0,0,0,0,0,0,0,0,0,0,0,0,0,0,0,0,0,1,0,0,0,1,0,0,0,0
Morgan Gibbs-White,1,Fractured Foot,89.0,18.0,20,11,4,414,1,0,12,16,11,9,12,5,14,11,8,16,13,13,10,14,9,13,13,14,9,15,1,0.4583333333333333,0,0,0,0,0,0,0,0,0,0,0,0,0,0,0,0,0,0,0,1,0,1,0,0,0,0,0,0
Owen Otasowie,0,,,0.0,19,6,2,187,1,0,9,8,8,8,5,12,8,13,12,9,6,15,6,8,8,5,9,8,10,9,0,0.14285714285714285,0,0,0,0,0,0,0,0,0,0,0,0,0,0,0,0,0,0,0,1,0,1,0,0,0,0,0,0
Ruben Vinagre,1,Muscular Problems,13.0,2.0,21,2,1,173,0,0,15,13,11,10,13,9,15,11,9,15,14,9,8,14,12,13,12,15,11,17,1,0.05,0,0,0,0,0,0,0,0,0,0,0,0,0,0,0,0,0,0,0,1,0,0,0,1,0,0,0,0
John Ruddy,0,,,0.0,33,2,1,91,0,0,6,9,13,16,13,12,9,12,2,3,17,12,13,13,14,13,13,13,6,7,0,0.047619047619047616,0,0,0,0,0,0,0,0,0,0,0,0,0,0,0,0,0,0,0,1,0,0,1,0,0,0,0,0
Patrick Cutrone,1,Back Trouble,4.0,1.0,22,2,0,25,0,0,15,11,13,13,14,6,15,15,10,10,18,13,14,14,14,14,16,14,13,14,1,0.04878048780487805,0,0,0,0,0,0,0,0,0,0,0,0,0,0,0,0,0,0,0,1,0,0,0,0,0,0,0,1
Oskar Buur,0,,,0.0,22,1,0,22,0,0,12,11,11,11,15,12,13,10,8,12,10,7,9,11,9,11,11,12,9,14,0,0.023809523809523808,0,0,0,0,0,0,0,0,0,0,0,0,0,0,0,0,0,0,0,1,0,0,0,0,0,1,0,0
Theo Corbeanu,0,,,0.0,18,1,0,9,0,0,8,7,6,4,12,4,13,12,7,9,13,13,6,4,6,6,3,13,14,11,0,0.023809523809523808,0,0,0,0,0,0,0,0,0,0,0,0,0,0,0,0,0,0,0,1,0,0,0,0,0,0,1,0
Vicente Guaita,0,,,0.0,33,37,37,3330,2,0,11,13,11,13,14,16,11,13,11,3,15,13,15,13,13,14,13,13,6,10,0,0.925,0,0,0,0,0,1,0,0,0,0,0,0,0,0,0,0,0,0,0,0,0,0,1,0,0,0,0,0
Cheikhou Kouyate,0,,,0.0,30,36,35,3121,4,0,16,10,14,16,12,15,13,16,12,10,12,11,13,13,14,15,14,13,18,12,0,0.9,0,0,0,0,0,1,0,0,0,0,0,0,0,0,0,0,0,0,0,0,0,1,0,0,0,0,0,0
Wilfried Zaha,3,"Thigh Muscle Strain, Knock, Knock",40.0,6.0,27,30,29,2612,6,0,15,11,10,12,15,6,17,13,10,17,12,13,9,10,14,14,11,16,15,17,1,0.8823529411764706,0,0,0,0,0,1,0,0,0,0,0,0,0,0,0,0,0,0,0,0,0,0,0,0,1,0,0,0
Eberechi Eze,3,"Achilles Tendon Problems, Knock, Groin Injury",166.0,12.0,22,34,29,2559,3,0,11,14,13,11,12,5,12,13,7,17,13,13,8,14,5,16,11,15,4,14,1,1.0,0,0,0,0,0,1,0,0,0,0,0,0,0,0,0,0,0,0,0,0,0,0,0,0,1,0,0,0
Luka Milivojevic,0,,,0.0,29,31,27,2359,8,1,16,14,17,14,17,14,12,17,15,9,16,13,14,14,16,16,14,12,15,11,0,0.775,0,0,0,0,0,1,0,0,0,0,0,0,0,0,0,0,0,0,0,0,0,1,0,0,0,0,0,0
Andros Townsend,0,,,0.0,29,34,25,2258,0,0,15,10,11,11,15,9,16,15,10,14,13,11,12,9,10,13,8,13,8,15,0,0.85,0,0,0,0,0,1,0,0,0,0,0,0,0,0,0,0,0,0,0,0,0,0,0,0,0,0,1,0
Joel Ward,2,"Knock, Groin Injury",46.0,5.0,30,26,25,2256,5,0,15,9,17,13,15,13,12,17,10,5,18,13,13,11,14,12,13,13,16,13,1,0.7428571428571429,0,0,0,0,0,1,0,0,0,0,0,0,0,0,0,0,0,0,0,0,0,0,0,0,0,1,0,0
Jordan Ayew,0,,,0.0,28,33,23,2096,4,0,16,8,8,15,16,5,15,14,6,16,15,8,10,14,14,15,14,14,14,15,0,0.825,0,0,0,0,0,1,0,0,0,0,0,0,0,0,0,0,0,0,0,0,0,0,0,0,0,0,0,1
Christian Benteke,1,Ankle Injury,14.0,3.0,29,30,21,1816,3,1,9,13,10,18,14,8,14,14,9,12,16,9,11,9,13,17,10,13,12,13,1,0.8108108108108109,0,0,0,0,0,1,0,0,0,0,0,0,0,0,0,0,0,0,0,0,0,0,0,0,0,0,0,1
Gary Cahill,3,"Knock, Calf Injury, Hamstring Injury",139.0,15.0,34,20,20,1800,3,0,17,13,18,16,16,14,11,14,19,14,14,11,14,13,20,13,14,9,15,12,1,0.8,0,0,0,0,0,1,0,0,0,0,0,0,0,0,0,0,0,0,0,0,1,0,0,0,0,0,0,0
Patrick van Aanholt,1,Shoulder Injury,92.0,7.0,29,22,20,1777,2,0,12,12,10,11,15,8,18,13,6,12,6,8,10,12,9,11,8,15,10,16,1,0.6666666666666666,0,0,0,0,0,1,0,0,0,0,0,0,0,0,0,0,0,0,0,0,0,0,0,1,0,0,0,0
Jairo Riedewald,2,"Knock, Knock",16.0,2.0,23,33,19,1820,4,0,11,15,14,11,13,14,14,13,10,10,11,13,13,13,12,14,13,13,12,12,1,0.868421052631579,0,0,0,0,0,1,0,0,0,0,0,0,0,0,0,0,0,0,0,0,0,0,0,1,0,0,0,0
Tyrick Mitchell,2,"Knock, Knock",49.0,5.0,20,19,19,1710,1,0,11,9,11,7,16,12,14,12,4,7,17,12,9,11,13,7,11,10,5,15,1,0.5428571428571428,0,0,0,0,0,1,0,0,0,0,0,0,0,0,0,0,0,0,0,0,0,0,0,1,0,0,0,0
James McArthur,1,Knock,124.0,18.0,32,18,17,1466,3,0,16,13,13,12,15,15,11,18,12,2,10,12,13,14,14,14,14,14,10,12,1,0.8181818181818182,0,0,0,0,0,1,0,0,0,0,0,0,0,0,0,0,0,0,0,0,0,1,0,0,0,0,0,0
Jeffrey Schlupp,2,"Hamstring Injury, Knock",84.0,12.0,27,27,15,1428,3,0,13,12,12,13,14,11,17,15,7,12,15,8,9,12,12,12,13,12,10,16,1,0.9642857142857143,0,0,0,0,0,1,0,0,0,0,0,0,0,0,0,0,0,0,0,0,0,0,0,0,1,0,0,0
Scott Dann,1,Bruise,12.0,1.0,33,15,15,1350,1,0,14,11,15,14,14,12,10,14,15,5,12,15,13,12,12,14,10,11,14,10,1,0.38461538461538464,0,0,0,0,0,1,0,0,0,0,0,0,0,0,0,0,0,0,0,0,1,0,0,0,0,0,0,0
Nathaniel Clyne,1,Knock,1.0,0.0,29,13,13,1145,2,0,16,9,16,14,17,14,14,17,9,8,12,14,14,13,14,15,12,15,12,15,1,0.325,0,0,0,0,0,1,0,0,0,0,0,0,0,0,0,0,0,0,0,0,0,0,0,0,0,1,0,0
James McCarthy,1,Hamstring Injury,27.0,3.0,29,16,10,821,1,0,15,10,16,14,12,15,11,14,10,6,14,15,13,12,16,14,14,12,16,9,1,0.43243243243243246,0,0,0,0,0,1,0,0,0,0,0,0,0,0,0,0,0,0,0,0,0,1,0,0,0,0,0,0
Michy Batshuayi,0,,,0.0,26,18,7,728,0,0,7,12,9,16,13,8,14,12,4,14,10,10,8,16,13,16,14,14,11,16,0,0.45,0,0,0,0,0,1,0,0,0,0,0,0,0,0,0,0,0,0,0,0,0,0,0,0,0,0,0,1
James Tomkins,1,Hip Injury,20.0,2.0,31,8,6,553,1,0,16,6,18,14,13,14,13,15,14,4,13,13,11,15,16,14,13,11,12,13,1,0.21052631578947367,0,0,0,0,0,1,0,0,0,0,0,0,0,0,0,0,0,0,0,0,1,0,0,0,0,0,0,0
Mamadou Sakho,3,"Knock, Calf Injury, Hamstring Injury",246.0,27.0,30,4,3,276,0,0,12,11,14,17,16,14,14,15,16,10,17,13,11,10,15,12,15,12,15,13,1,0.3076923076923077,0,0,0,0,0,1,0,0,0,0,0,0,0,0,0,0,0,0,0,0,1,0,0,0,0,0,0,0
Jean-Philippe Mateta,0,,,0.0,23,7,2,221,0,0,10,9,12,16,12,7,16,13,8,13,11,12,11,14,11,15,13,12,9,13,0,0.175,0,0,0,0,0,1,0,0,0,0,0,0,0,0,0,0,0,0,0,0,0,0,0,0,0,0,0,1
Jack Butland,0,,,0.0,27,1,1,90,0,0,10,5,12,12,14,11,11,15,9,3,6,9,12,14,14,12,12,16,10,12,0,0.025,0,0,0,0,0,1,0,0,0,0,0,0,0,0,0,0,0,0,0,0,0,0,1,0,0,0,0,0
Martin Kelly,1,Calf Injury,52.0,10.0,30,1,0,2,0,0,16,13,11,14,15,14,13,10,10,5,14,13,14,12,16,13,13,13,13,12,1,0.03333333333333333,0,0,0,0,0,1,0,0,0,0,0,0,0,0,0,0,0,0,0,0,0,0,0,0,0,1,0,0
James Ward-Prowse,1,Hamstring Injury,14.0,0.0,25,38,38,3420,5,0,19,16,15,10,18,11,11,18,14,11,17,13,13,10,12,14,11,13,10,12,1,0.8636363636363636,0,0,0,0,0,0,0,0,0,0,0,0,0,0,0,1,0,0,0,0,0,1,0,0,0,0,0,0
Jan Bednarek,0,,,0.0,24,36,36,3100,5,1,15,9,14,14,14,14,13,14,13,8,13,13,14,13,17,13,14,12,12,13,0,0.8181818181818182,0,0,0,0,0,0,0,0,0,0,0,0,0,0,0,1,0,0,0,0,1,0,0,0,0,0,0,0
Stuart Armstrong,3,"Knock, Hand Injury, Thigh Muscle Strain",25.0,5.0,28,33,32,2764,3,0,14,14,13,12,15,10,12,12,14,12,14,12,10,12,10,9,14,14,11,12,1,0.8461538461538461,0,0,0,0,0,0,0,0,0,0,0,0,0,0,0,1,0,0,0,0,0,1,0,0,0,0,0,0
Alex McCarthy,0,,,0.0,30,30,30,2700,2,0,11,9,12,10,13,15,11,13,7,3,15,12,9,10,12,12,15,16,7,11,0,0.6818181818181818,0,0,0,0,0,0,0,0,0,0,0,0,0,0,0,1,0,0,0,0,0,0,1,0,0,0,0,0
Che Adams,1,Head Injury,16.0,1.0,24,36,30,2667,1,0,12,11,13,13,14,9,15,12,4,11,14,12,10,14,13,12,11,14,11,15,1,0.8372093023255814,0,0,0,0,0,0,0,0,0,0,0,0,0,0,0,1,0,0,0,0,0,0,0,0,0,0,0,1
Kyle Walker-Peters,1,Thigh Muscle Strain,17.0,4.0,23,30,30,2645,4,0,16,12,15,11,15,12,14,15,8,11,14,12,11,13,12,14,12,14,12,14,1,0.75,0,0,0,0,0,0,0,0,0,0,0,0,0,0,0,1,0,0,0,0,0,0,0,0,0,1,0,0
Ryan Bertrand,1,Hamstring Injury,20.0,1.0,30,29,29,2598,5,0,15,11,12,12,16,14,14,16,10,10,16,15,13,13,14,11,13,13,11,14,1,0.6744186046511628,0,0,0,0,0,0,0,0,0,0,0,0,0,0,0,1,0,0,0,0,0,0,0,1,0,0,0,0
Jannik Vestergaard,1,Knee Injury,47.0,9.0,27,30,29,2574,3,1,14,9,16,18,12,13,8,13,14,6,14,12,12,15,16,13,13,7,10,8,1,0.8571428571428571,0,0,0,0,0,0,0,0,0,0,0,0,0,0,0,1,0,0,0,0,1,0,0,0,0,0,0,0
Danny Ings,3,"Knock, Hamstring Injury, Knee Injury",61.0,7.0,28,29,26,2173,1,0,16,14,15,14,15,10,13,13,14,12,18,13,14,16,14,15,14,14,13,13,1,0.7837837837837838,0,0,0,0,0,0,0,0,0,0,0,0,0,0,0,1,0,0,0,0,0,0,0,0,0,0,0,1
Oriol Romeu,2,"Calf Injury, Calf Injury",34.0,6.0,28,21,20,1763,6,0,16,14,18,16,15,16,7,14,13,6,12,15,15,16,16,13,16,10,15,7,1,0.5526315789473685,0,0,0,0,0,0,0,0,0,0,0,0,0,0,0,1,0,0,0,0,0,1,0,0,0,0,0,0
Theo Walcott,2,"Hamstring Injury, Hamstring Injury",67.0,11.0,31,21,20,1618,0,0,16,9,12,9,14,9,16,13,7,13,13,10,12,9,10,12,11,15,9,17,1,0.6363636363636364,0,0,0,0,0,0,0,0,0,0,0,0,0,0,0,1,0,0,0,0,0,0,0,0,0,0,1,0
Nathan Redmond,3,"Knock, Hamstring Injury, Ankle Injury",80.0,10.0,26,29,17,1738,1,0,14,12,11,9,14,11,16,14,4,14,15,13,13,11,13,15,13,14,10,16,1,0.8529411764705882,0,0,0,0,0,0,0,0,0,0,0,0,0,0,0,1,0,0,0,0,0,0,0,0,1,0,0,0
Jack Stephens,0,,,0.0,26,18,17,1537,2,0,12,12,13,14,13,14,11,13,14,11,14,12,13,14,14,11,14,12,13,12,0,0.4090909090909091,0,0,0,0,0,0,0,0,0,0,0,0,0,0,0,1,0,0,0,0,1,0,0,0,0,0,0,0
Moussa Djenepo,2,"Thigh Muscle Strain, Hamstring Injury",49.0,6.0,22,27,15,1240,5,0,12,8,12,12,14,5,16,12,7,12,14,12,12,11,14,15,8,14,10,16,1,0.7105263157894737,0,0,0,0,0,0,0,0,0,0,0,0,0,0,0,1,0,0,0,0,0,0,0,0,1,0,0,0
Ibrahima Diallo,2,"Knock, Knock",32.0,7.0,21,22,10,1020,3,0,15,11,15,12,14,13,13,13,8,10,12,13,14,13,15,15,14,14,12,13,1,0.5945945945945946,0,0,0,0,0,0,0,0,0,0,0,0,0,0,0,1,0,0,0,0,0,1,0,0,0,0,0,0
Mohammed Salisu,3,"Hamstring Injury, Knock, Hamstring Injury",71.0,14.0,21,12,8,844,1,0,10,8,6,13,14,14,10,15,6,1,20,14,9,9,11,5,11,11,16,9,1,0.4,0,0,0,0,0,0,0,0,0,0,0,0,0,0,0,1,0,0,0,0,1,0,0,0,0,0,0,0
Fraser Forster,0,,,0.0,32,8,8,720,0,0,12,9,6,17,9,15,3,11,9,2,17,15,16,16,14,13,12,10,7,3,0,0.18181818181818182,0,0,0,0,0,0,0,0,0,0,0,0,0,0,0,1,0,0,0,0,0,0,1,0,0,0,0,0
Nathan Tella,1,Bruise,31.0,6.0,21,18,7,745,2,0,10,11,10,7,10,6,16,7,9,9,17,9,10,6,9,6,8,10,15,16,1,0.47368421052631576,0,0,0,0,0,0,0,0,0,0,0,0,0,0,0,1,0,0,0,0,0,0,0,0,0,0,1,0
Will Smallbone,2,"Cruciate Ligament Rupture, Hamstring Injury",306.0,41.0,20,3,2,172,0,0,12,11,12,7,12,9,12,12,9,12,17,12,12,12,7,11,11,13,7,12,1,1.0,0,0,0,0,0,0,0,0,0,0,0,0,0,0,0,1,0,0,0,0,0,1,0,0,0,0,0,0
Shane Long,0,,,0.0,33,11,1,210,0,0,20,12,18,10,15,10,17,16,9,10,15,12,10,10,17,14,14,15,13,17,0,0.25,0,0,0,0,0,0,0,0,0,0,0,0,0,0,0,1,0,0,0,0,0,0,0,0,0,0,0,1
Yan Valery,1,Knock,13.0,2.0,21,3,1,103,0,0,12,10,12,9,14,12,15,14,5,10,15,11,11,11,11,13,11,13,10,16,1,0.07142857142857142,0,0,0,0,0,0,0,0,0,0,0,0,0,0,0,1,0,0,0,0,0,0,0,0,0,1,0,0
Kayne Ramsey,0,,,0.0,19,1,1,90,1,0,12,9,10,12,12,11,13,11,8,9,10,10,10,10,13,12,10,11,8,13,0,0.022727272727272728,0,0,0,0,0,0,0,0,0,0,0,0,0,0,0,1,0,0,0,0,0,0,0,0,0,1,0,0
Jake Vokins,0,,,0.0,20,1,1,66,0,0,11,9,10,7,13,10,14,13,10,9,5,9,9,9,8,11,10,14,9,15,0,0.022727272727272728,0,0,0,0,0,0,0,0,0,0,0,0,0,0,0,1,0,0,0,0,0,0,0,1,0,0,0,0
Alexandre Jankewitz,0,,,0.0,18,2,1,3,0,1,8,11,8,10,7,8,12,14,7,7,12,8,10,9,9,10,10,11,4,12,0,0.045454545454545456,0,0,0,0,0,0,0,0,0,0,0,0,0,0,0,1,0,0,0,0,0,1,0,0,0,0,0,0
Dan Nlundulu,0,,,0.0,21,13,0,111,0,0,12,11,12,15,13,8,14,12,8,11,8,11,12,6,13,10,12,7,12,15,0,0.29545454545454547,0,0,0,0,0,0,0,0,0,0,0,0,0,0,0,1,0,0,0,0,0,0,0,0,0,0,0,1
Michael Obafemi,1,Knock,152.0,27.0,20,4,0,61,0,0,13,10,11,15,14,6,17,14,1,12,19,8,10,11,9,15,10,14,10,17,1,0.23529411764705882,0,0,0,0,0,0,0,0,0,0,0,0,0,0,0,1,0,0,0,0,0,0,0,0,0,0,0,1
Caleb Watts,0,,,0.0,18,3,0,39,1,0,15,9,10,7,11,10,11,15,10,3,7,8,10,8,9,7,7,11,16,12,0,0.06818181818181818,0,0,0,0,0,0,0,0,0,0,0,0,0,0,0,1,0,0,0,0,0,1,0,0,0,0,0,0
Allan Tchaptchet,0,,,0.0,18,1,0,13,0,0,11,8,10,10,9,9,13,7,11,1,16,8,12,8,9,12,10,7,10,14,0,0.022727272727272728,0,0,0,0,0,0,0,0,0,0,0,0,0,0,0,1,0,0,0,0,1,0,0,0,0,0,0,0
Ben White,0,,,0.0,22,36,36,3191,5,1,13,13,14,13,15,13,14,13,10,13,13,13,13,15,13,13,14,13,9,13,0,0.8181818181818182,0,0,1,0,0,0,0,0,0,0,0,0,0,0,0,0,0,0,0,0,1,0,0,0,0,0,0,0
Yves Bissouma,0,,,0.0,23,36,35,3111,8,1,15,10,13,14,16,10,14,14,8,13,11,12,12,13,13,13,11,14,8,15,0,0.8181818181818182,0,0,1,0,0,0,0,0,0,0,0,0,0,0,0,0,0,0,0,0,0,1,0,0,0,0,0,0
Lewis Dunk,0,,,0.0,28,33,33,2931,5,2,14,12,11,14,14,14,14,13,14,8,14,14,13,14,17,10,14,11,13,12,0,0.75,0,0,1,0,0,0,0,0,0,0,0,0,0,0,0,0,0,0,0,0,1,0,0,0,0,0,0,0
Leandro Trossard,1,Groin Injury,72.0,7.0,25,35,30,2607,2,0,12,15,8,9,12,5,15,8,8,15,11,15,13,13,14,10,10,14,15,16,1,0.9459459459459459,0,0,1,0,0,0,0,0,0,0,0,0,0,0,0,0,0,0,0,0,0,0,0,0,1,0,0,0
Adam Webster,2,"Ankle Injury, Groin Injury",17.0,3.0,25,29,29,2594,4,0,13,12,12,13,14,13,15,13,12,5,14,13,12,13,14,10,13,10,12,13,1,0.7073170731707317,0,0,1,0,0,0,0,0,0,0,0,0,0,0,0,0,0,0,0,0,1,0,0,0,0,0,0,0
Neal Maupay,1,Thigh Muscle Strain,7.0,0.0,23,33,29,2512,1,1,16,13,14,14,14,7,13,15,10,14,15,12,13,13,17,15,14,14,17,14,1,0.75,0,0,1,0,0,0,0,0,0,0,0,0,0,0,0,0,0,0,0,0,0,0,0,0,0,0,0,1
Pascal Gross,0,,,0.0,29,34,27,2484,3,0,16,15,14,12,17,12,9,15,11,14,15,14,14,15,12,11,13,13,13,8,0,0.7727272727272727,0,0,1,0,0,0,0,0,0,0,0,0,0,0,0,0,0,0,0,0,0,1,0,0,0,0,0,0
Robert Sanchez,0,,,0.0,22,27,27,2430,2,0,10,9,12,13,12,11,9,14,7,2,11,8,9,10,10,11,11,10,11,9,0,0.6136363636363636,0,0,1,0,0,0,0,0,0,0,0,0,0,0,0,0,0,0,0,0,0,0,1,0,0,0,0,0
Joal Veltman,1,Knock,3.0,3.0,28,28,25,2281,3,0,15,11,14,13,15,16,11,15,15,9,16,12,15,14,15,13,14,13,17,12,1,0.6829268292682927,0,0,1,0,0,0,0,0,0,0,0,0,0,0,0,0,0,0,0,0,0,0,0,0,0,1,0,0
Dan Burn,0,,,0.0,28,27,23,2061,5,0,15,9,17,14,15,13,14,12,14,5,16,13,12,13,14,8,14,8,13,9,0,0.6136363636363636,0,0,1,0,0,0,0,0,0,0,0,0,0,0,0,0,0,0,0,0,1,0,0,0,0,0,0,0
Solly March,3,"Knock, Ankle Injury, Muscle Injury",171.0,20.0,26,21,19,1672,0,0,14,13,14,8,14,13,14,12,6,13,14,11,12,12,9,13,9,13,8,14,1,0.875,0,0,1,0,0,0,0,0,0,0,0,0,0,0,0,0,0,0,0,0,0,0,0,0,0,0,1,0
Danny Welbeck,2,"Knee Problems, Knock",42.0,8.0,29,24,17,1545,0,0,16,12,15,14,14,8,15,15,4,14,14,13,12,12,14,15,12,15,11,16,1,0.6666666666666666,0,0,1,0,0,0,0,0,0,0,0,0,0,0,0,0,0,0,0,0,0,0,0,0,1,0,0,0
Adam Lallana,4,"Groin Strain, Groin Strain, Groin Strain, Groin Strain",48.0,7.0,32,30,16,1596,0,0,17,14,15,9,14,11,11,14,11,16,15,14,14,15,11,15,14,14,11,11,1,0.8108108108108109,0,0,1,0,0,0,0,0,0,0,0,0,0,0,0,0,0,0,0,0,0,1,0,0,0,0,0,0
Alexis Mac Allister,1,Back Injury,3.0,1.0,21,21,13,1115,1,0,14,16,12,12,13,11,12,14,10,11,14,14,12,12,10,12,11,14,15,13,1,0.4883720930232558,0,0,1,0,0,0,0,0,0,0,0,0,0,0,0,0,0,0,0,0,0,1,0,0,0,0,0,0
Tariq Lamptey,4,"Hamstring Injury, Hastring Injury, Thigh Muscle Strain, Hamstring Injury",286.0,35.0,19,11,11,886,4,1,14,10,12,6,14,8,16,15,8,11,14,10,12,12,14,15,10,16,10,20,1,1.0,0,0,1,0,0,0,0,0,0,0,0,0,0,0,0,0,0,0,0,0,0,0,0,0,0,1,0,0
Steven Alzate,0,,,0.0,21,15,10,896,2,0,14,14,14,9,14,9,13,12,6,15,13,12,12,14,11,14,10,15,6,14,0,0.3409090909090909,0,0,1,0,0,0,0,0,0,0,0,0,0,0,0,0,0,0,0,0,0,1,0,0,0,0,0,0
Aaron Connolly,3,"Hamstring Injury, Groin Strain, Hamstring Injury",43.0,5.0,20,17,9,791,0,0,17,9,11,14,15,7,13,14,7,7,16,11,13,11,14,12,13,12,14,15,1,0.4358974358974359,0,0,1,0,0,0,0,0,0,0,0,0,0,0,0,0,0,0,0,0,0,0,0,0,0,0,0,1
Jakub Moder,0,,,0.0,21,12,7,647,0,0,13,12,13,10,12,10,12,13,4,13,11,11,11,12,11,11,10,10,9,11,0,0.2727272727272727,0,0,1,0,0,0,0,0,0,0,0,0,0,0,0,0,0,0,0,0,0,1,0,0,0,0,0,0
Alireza Jahanbakhsh,2,"Ankle Injury, Hamstring Injury",78.0,14.0,26,21,6,528,3,0,14,12,13,11,13,6,12,9,6,16,14,12,10,12,13,13,11,13,10,13,1,0.7,0,0,1,0,0,0,0,0,0,0,0,0,0,0,0,0,0,0,0,0,0,0,0,0,1,0,0,0
Davy Propper,4,"Groin Injury, Knock, Calf Injury, Calf Injury",92.0,13.0,28,7,2,213,0,0,15,14,15,11,15,13,13,13,12,14,14,15,16,13,13,13,14,12,13,12,1,0.22580645161290322,0,0,1,0,0,0,0,0,0,0,0,0,0,0,0,0,0,0,0,0,0,1,0,0,0,0,0,0
Bernardo,1,Ruptured Sideband In The Knee,43.0,10.0,25,3,2,206,0,0,16,9,15,13,15,12,16,17,10,9,15,10,12,9,17,14,14,12,16,12,1,0.08823529411764706,0,0,1,0,0,0,0,0,0,0,0,0,0,0,0,0,0,0,0,0,0,0,0,1,0,0,0,0
Percy Tau,1,Muscle Injury,19.0,4.0,26,3,1,103,0,0,11,15,7,5,10,5,17,15,6,18,14,7,7,10,14,8,9,13,5,17,1,0.075,0,0,1,0,0,0,0,0,0,0,0,0,0,0,0,0,0,0,0,0,0,0,0,0,1,0,0,0
Andi Zeqiri,0,,,0.0,21,9,0,171,0,0,11,11,11,11,13,6,12,12,6,14,10,9,13,12,8,13,12,12,7,10,0,0.20454545454545456,0,0,1,0,0,0,0,0,0,0,0,0,0,0,0,0,0,0,0,0,0,0,0,0,0,0,0,1
José Izquierdo,1,Thigh Muscle Strain,18.0,4.0,28,1,0,9,0,0,13,9,11,12,12,10,17,15,10,17,14,11,12,12,12,10,10,12,10,16,1,0.025,0,0,1,0,0,0,0,0,0,0,0,0,0,0,0,0,0,0,0,0,0,0,0,0,1,0,0,0
Reda Khadra,0,,,0.0,19,1,0,5,0,0,13,10,8,5,8,6,11,12,9,14,16,12,6,7,8,8,7,12,12,14,0,0.022727272727272728,0,0,1,0,0,0,0,0,0,0,0,0,0,0,0,0,0,0,0,0,0,1,0,0,0,0,0,0
Jayson Molumby,0,,,0.0,20,1,0,1,0,0,17,10,14,11,14,12,13,14,11,8,15,11,11,12,14,11,10,12,12,12,0,0.022727272727272728,0,0,1,0,0,0,0,0,0,0,0,0,0,0,0,0,0,0,0,0,0,1,0,0,0,0,0,0
Ashley Westwood,1,Knock,12.0,1.0,30,38,38,3410,7,0,16,14,16,8,15,15,10,14,13,6,14,14,15,15,14,11,14,13,13,11,1,0.8837209302325582,0,0,0,1,0,0,0,0,0,0,0,0,0,0,0,0,0,0,0,0,0,1,0,0,0,0,0,0
James Tarkowski,1,Toe Injury,13.0,4.0,27,36,36,3240,6,0,15,9,16,12,13,15,13,14,13,10,13,12,14,14,14,13,14,10,13,14,1,0.9,0,0,0,1,0,0,0,0,0,0,0,0,0,0,0,0,0,0,0,0,1,0,0,0,0,0,0,0
Dwight McNeil,1,Groin Injury,20.0,3.0,20,36,34,3069,1,0,14,13,14,10,11,11,14,16,6,14,16,12,13,13,14,10,13,13,8,14,1,0.8780487804878049,0,0,0,1,0,0,0,0,0,0,0,0,0,0,0,0,0,0,0,0,0,0,0,0,1,0,0,0
Matthew Lowton,1,Knee Injury,24.0,2.0,31,34,34,3060,5,0,16,13,16,13,14,14,12,14,9,10,17,13,13,16,13,12,11,15,13,14,1,0.8095238095238095,0,0,0,1,0,0,0,0,0,0,0,0,0,0,0,0,0,0,0,0,0,0,0,0,0,1,0,0
Nick Pope,2,"Knee Surgery, Head Injury",56.0,4.0,28,32,32,2880,1,0,15,6,15,13,10,14,9,10,8,4,14,12,15,9,13,12,15,14,8,8,1,0.8,0,0,0,1,0,0,0,0,0,0,0,0,0,0,0,0,0,0,0,0,0,0,1,0,0,0,0,0
Josh Brownhill,2,"Ankle Injury, Knock",27.0,5.0,24,33,32,2813,2,0,16,12,15,11,16,12,12,14,8,12,10,12,12,13,13,12,11,13,13,13,1,0.8461538461538461,0,0,0,1,0,0,0,0,0,0,0,0,0,0,0,0,0,0,0,0,0,1,0,0,0,0,0,0
Chris Wood,1,Thigh Muscle Strain,17.0,5.0,28,33,32,2741,0,0,15,9,15,15,15,10,13,14,14,10,15,14,13,12,16,16,14,11,14,12,1,0.8461538461538461,0,0,0,1,0,0,0,0,0,0,0,0,0,0,0,0,0,0,0,0,0,0,0,0,0,0,0,1
Ben Mee,2,"Head Injury, Thigh Muscle Strain",125.0,15.0,30,30,30,2693,3,0,13,8,18,15,15,14,12,12,15,7,14,12,14,11,16,10,13,12,17,13,1,1.0,0,0,0,1,0,0,0,0,0,0,0,0,0,0,0,0,0,0,0,0,1,0,0,0,0,0,0,0
Charlie Taylor,4,"Thigh Muscle Strain, Thigh Muscle Strain, Knock, Thigh Muscle Strain",110.0,12.0,26,29,28,2426,1,0,14,7,14,12,15,13,13,17,8,11,14,13,13,11,13,13,12,13,10,14,1,0.90625,0,0,0,1,0,0,0,0,0,0,0,0,0,0,0,0,0,0,0,0,0,0,0,1,0,0,0,0
Jóhann Berg Guðmundsson,7,"Groin Injury, Thigh Muscle Strain, Groin Injury, Thigh Muscle Strain, Groin Injury, Knee Injury, Thigh Muscle Strain",219.0,20.0,29,22,16,1363,2,0,15,14,15,12,15,11,14,15,5,13,14,11,11,14,10,13,13,13,12,13,1,0.9166666666666666,0,0,0,1,0,0,0,0,0,0,0,0,0,0,0,0,0,0,0,0,0,0,0,0,0,0,1,0
Matej Vydra,2,"Hamstring Injury, Back Injury",32.0,6.0,28,28,15,1371,0,0,13,12,12,10,11,7,14,13,9,12,10,10,11,11,12,12,13,12,13,15,1,0.7368421052631579,0,0,0,1,0,0,0,0,0,0,0,0,0,0,0,0,0,0,0,0,0,0,0,0,0,0,0,1
Jack Cork,0,,,0.0,31,16,15,1350,2,0,18,11,17,12,17,14,11,18,11,11,18,14,14,15,15,12,14,12,14,12,0,0.36363636363636365,0,0,0,1,0,0,0,0,0,0,0,0,0,0,0,0,0,0,0,0,0,1,0,0,0,0,0,0
Ashley Barnes,1,Knock,9.0,3.0,30,22,15,1331,4,0,17,9,18,15,16,11,12,16,10,7,16,12,14,12,18,11,14,12,18,13,1,0.5365853658536586,0,0,0,1,0,0,0,0,0,0,0,0,0,0,0,0,0,0,0,0,0,0,0,0,0,0,0,1
Erik Pieters,2,"Groin Strain, Calf Injury",37.0,4.0,31,20,13,1266,1,0,15,12,14,12,14,14,13,16,13,6,16,12,14,11,14,12,13,11,10,11,1,0.5,0,0,0,1,0,0,0,0,0,0,0,0,0,0,0,0,0,0,0,0,0,0,0,1,0,0,0,0
Jay Rodriguez,2,"Knee Injury, Ankle Injury",39.0,6.0,31,31,12,1265,3,0,14,13,14,13,13,8,14,15,7,14,14,13,11,13,13,11,12,12,13,13,1,0.8157894736842105,0,0,0,1,0,0,0,0,0,0,0,0,0,0,0,0,0,0,0,0,0,0,0,0,1,0,0,0
Robbie Brady,7,"Calf Injury, Knock, Thigh Muscle Strain, Thigh Muscle Strain, Hamstring Injury, Groin Injury, Chest Injury",51.0,10.0,28,19,12,1052,3,0,16,11,14,12,14,12,12,13,9,12,16,11,12,12,13,13,12,12,14,13,1,0.5588235294117647,0,0,0,1,0,0,0,0,0,0,0,0,0,0,0,0,0,0,0,0,0,0,0,0,1,0,0,0
Kevin Long,1,Ankle Injury,12.0,1.0,29,8,7,637,2,0,14,10,14,17,16,13,12,13,9,8,12,12,14,11,14,12,8,11,17,12,1,0.18604651162790697,0,0,0,1,0,0,0,0,0,0,0,0,0,0,0,0,0,0,0,0,1,0,0,0,0,0,0,0
Bailey Peacock-Farrell,2,"Knock, Hip Injury",33.0,4.0,23,4,4,360,0,0,11,9,10,11,11,8,6,12,6,2,12,9,11,12,16,11,14,13,4,9,1,0.1,0,0,0,1,0,0,0,0,0,0,0,0,0,0,0,0,0,0,0,0,0,0,1,0,0,0,0,0
Phil Bardsley,1,Chest Injury,19.0,3.0,35,4,3,274,2,0,15,6,15,14,15,15,10,10,17,8,10,14,15,10,17,13,14,12,18,10,1,0.0975609756097561,0,0,0,1,0,0,0,0,0,0,0,0,0,0,0,0,0,0,0,0,0,0,0,0,0,1,0,0
Jimmy Dunne,1,Knock,24.0,4.0,22,3,3,270,1,0,12,8,12,13,14,11,12,10,11,6,15,9,11,12,15,12,13,10,15,11,1,0.075,0,0,0,1,0,0,0,0,0,0,0,0,0,0,0,0,0,0,0,0,1,0,0,0,0,0,0,0
Dale Stephens,3,"Knock, Hamstring Injury, Knock35",35.0,5.0,31,7,3,261,1,0,16,12,17,12,15,15,13,14,9,8,15,13,14,13,15,12,13,13,14,11,1,0.1794871794871795,0,0,0,1,0,0,0,0,0,0,0,0,0,0,0,0,0,0,0,0,0,1,0,0,0,0,0,0
Josh Benson,0,,,0.0,20,6,2,264,0,0,13,9,11,10,15,9,12,18,12,15,3,9,10,9,5,11,11,8,15,13,0,0.13636363636363635,0,0,0,1,0,0,0,0,0,0,0,0,0,0,0,0,0,0,0,0,0,1,0,0,0,0,0,0
Will Norris,0,,,0.0,26,2,2,180,0,0,9,9,10,12,13,12,8,12,7,5,11,12,12,12,12,10,12,13,11,7,0,0.045454545454545456,0,0,0,1,0,0,0,0,0,0,0,0,0,0,0,0,0,0,0,0,0,0,1,0,0,0,0,0
Joel Mumbongo,0,,,0.0,21,4,0,40,1,0,11,6,8,14,13,7,16,16,5,7,12,8,8,7,10,15,9,12,10,16,0,0.09090909090909091,0,0,0,1,0,0,0,0,0,0,0,0,0,0,0,0,0,0,0,0,0,0,0,0,0,0,0,1
Lewis Richardson,0,,,0.0,17,2,0,4,0,0,10,5,3,6,8,2,14,20,2,7,19,8,5,8,8,7,8,12,7,15,0,0.045454545454545456,0,0,0,1,0,0,0,0,0,0,0,0,0,0,0,0,0,0,0,0,0,0,0,0,0,0,0,1
Alphonse Areola,0,,,0.0,27,36,36,3240,2,0,13,9,15,17,15,14,12,15,10,8,14,12,15,15,13,17,14,14,8,12,0,0.8372093023255814,0,0,0,0,0,0,0,1,0,0,0,0,0,0,0,0,0,0,0,0,0,0,1,0,0,0,0,0
Tosin Adarabioyo,0,,,0.0,22,33,33,2953,1,0,11,13,11,14,13,13,15,15,12,10,16,11,11,15,13,13,12,13,11,15,0,0.7674418604651163,0,0,0,0,0,0,0,1,0,0,0,0,0,0,0,0,0,0,0,0,1,0,0,0,0,0,0,0
Ademola Lookman,1,Muscular Problems,8.0,1.0,22,34,31,2747,5,0,13,10,8,9,12,6,15,14,5,14,14,8,11,12,8,13,9,15,13,17,1,0.8095238095238095,0,0,0,0,0,0,0,1,0,0,0,0,0,0,0,0,0,0,0,0,0,0,0,0,1,0,0,0
Ola Aina,1,Fitness,22.0,6.0,23,31,31,2664,3,0,13,9,9,11,13,10,17,16,7,13,10,11,11,12,9,12,11,14,11,17,1,0.8378378378378378,0,0,0,0,0,0,0,1,0,0,0,0,0,0,0,0,0,0,0,0,0,0,0,0,1,0,0,0
Joachim Andersen,1,Ruptured Ankle Ligament,17.0,2.0,24,31,30,2730,7,1,12,12,12,14,14,14,12,13,10,12,16,12,11,14,13,15,15,11,12,12,1,0.7560975609756098,0,0,0,0,0,0,0,1,0,0,0,0,0,0,0,0,0,0,0,0,1,0,0,0,0,0,0,0
Andre-Frank Zambo Anguissa,0,,,0.0,24,36,29,2587,6,0,16,10,16,16,17,14,15,15,10,15,13,12,13,12,16,14,14,12,14,14,0,0.8372093023255814,0,0,0,0,0,0,0,1,0,0,0,0,0,0,0,0,0,0,0,0,0,1,0,0,0,0,0,0
Bobby Reid,0,,,0.0,27,33,28,2372,7,0,13,13,13,8,14,9,14,11,8,13,14,12,14,13,9,11,13,13,10,14,0,0.7674418604651163,0,0,0,0,0,0,0,1,0,0,0,0,0,0,0,0,0,0,0,0,0,0,0,0,0,0,0,1
Ivan Cavaleiro,2,"Hamstring Injury, Thigh Problems",14.0,2.0,26,36,27,2472,2,0,12,11,11,11,12,7,16,10,8,16,16,10,9,11,12,11,11,14,14,17,1,0.8780487804878049,0,0,0,0,0,0,0,1,0,0,0,0,0,0,0,0,0,0,0,0,0,0,0,0,1,0,0,0
Harrison Reed,3,"Ankle Injury, Knee Problems, Knock",54.0,8.0,25,31,26,2247,5,0,17,13,17,11,14,14,13,13,8,9,15,11,12,11,13,14,12,14,14,14,1,0.8857142857142857,0,0,0,0,0,0,0,1,0,0,0,0,0,0,0,0,0,0,0,0,0,1,0,0,0,0,0,0
Antonee Robinson,1,Ankle Injury,10.0,3.0,22,28,24,2162,4,1,15,13,13,11,15,13,16,14,9,11,13,9,11,11,13,13,11,13,13,16,1,0.7,0,0,0,0,0,0,0,1,0,0,0,0,0,0,0,0,0,0,0,0,0,0,0,1,0,0,0,0
Ruben Loftus-Cheek,1,Knock,44.0,2.0,24,30,21,1909,3,0,14,15,14,17,11,12,15,13,12,11,13,16,11,16,12,17,13,11,14,16,1,0.7317073170731707,0,0,0,0,0,0,0,1,0,0,0,0,0,0,0,0,0,0,0,0,0,1,0,0,0,0,0,0
Mario Lemina,3,"Knock, Achilles Tendon Problems, Knock",54.0,9.0,26,28,19,1703,5,0,16,14,13,14,15,8,15,14,10,12,14,10,9,11,14,15,13,15,10,15,1,0.8235294117647058,0,0,0,0,0,0,0,1,0,0,0,0,0,0,0,0,0,0,0,0,0,1,0,0,0,0,0,0
Kenny Tete,2,"Fitness, Calf Injury",98.0,15.0,24,22,18,1481,3,0,14,10,14,14,15,14,14,14,9,9,14,13,11,12,15,15,13,11,13,14,1,0.7857142857142857,0,0,0,0,0,0,0,1,0,0,0,0,0,0,0,0,0,0,0,0,0,0,0,0,0,1,0,0
Aleksandar Mitrovic,2,"Muscle Injury, Achilles Tendon Problems",17.0,4.0,25,27,13,1402,3,0,15,12,16,17,15,7,13,13,13,12,14,13,13,14,18,16,11,12,16,13,1,0.6923076923076923,0,0,0,0,0,0,0,1,0,0,0,0,0,0,0,0,0,0,0,0,0,0,0,0,0,0,0,1
Josh Maja,0,,,0.0,21,15,9,810,0,0,11,9,12,11,13,10,13,12,14,11,13,9,10,13,13,12,11,12,8,14,0,0.3488372093023256,0,0,0,0,0,0,0,1,0,0,0,0,0,0,0,0,0,0,0,0,0,0,0,0,0,0,0,1
Tom Cairney,1,Knee Injury,288.0,38.0,29,10,9,759,2,0,11,15,14,9,13,12,11,15,13,15,11,14,12,15,9,14,14,14,13,11,1,1.0,0,0,0,0,0,0,0,1,0,0,0,0,0,0,0,0,0,0,0,0,0,1,0,0,0,0,0,0
Joe Bryan,1,Knock,6.0,2.0,26,16,7,669,2,0,15,12,13,11,11,14,14,14,12,12,16,13,12,13,12,11,12,13,10,12,1,0.3902439024390244,0,0,0,0,0,0,0,1,0,0,0,0,0,0,0,0,0,0,0,0,0,0,0,1,0,0,0,0
Tim Ream,0,,,0.0,32,7,7,630,0,0,14,14,14,14,13,15,13,15,12,10,14,11,12,14,14,13,12,13,12,13,0,0.16279069767441862,0,0,0,0,0,0,0,1,0,0,0,0,0,0,0,0,0,0,0,0,1,0,0,0,0,0,0,0
Josh Onomah,2,"Fitness, Knee Injury",90.0,12.0,23,11,4,374,1,0,11,13,13,13,13,10,14,14,5,15,14,11,10,14,12,13,12,12,9,15,1,0.3548387096774194,0,0,0,0,0,0,0,1,0,0,0,0,0,0,0,0,0,0,0,0,0,1,0,0,0,0,0,0
Denis Odoi,0,,,0.0,32,3,3,270,1,0,13,11,13,10,12,14,14,15,12,13,15,13,12,11,14,10,11,13,16,14,0,0.06976744186046512,0,0,0,0,0,0,0,1,0,0,0,0,0,0,0,0,0,0,0,0,0,0,0,0,0,1,0,0
Michael Hector,0,,,0.0,28,4,3,263,2,0,11,9,14,16,13,13,12,14,13,6,15,9,11,9,15,16,11,12,13,12,0,0.09302325581395349,0,0,0,0,0,0,0,1,0,0,0,0,0,0,0,0,0,0,0,0,1,0,0,0,0,0,0,0
Fabio Carvalho,0,,,0.0,17,4,3,255,0,0,5,7,7,5,9,13,12,16,7,1,3,11,8,6,8,8,6,12,9,13,0,0.09302325581395349,0,0,0,0,0,0,0,1,0,0,0,0,0,0,0,0,0,0,0,0,0,1,0,0,0,0,0,0
Aboubakar Kamara,0,,,0.0,25,11,2,315,1,1,15,10,11,16,13,5,16,15,6,13,14,10,10,10,17,16,13,13,14,16,0,0.2558139534883721,0,0,0,0,0,0,0,1,0,0,0,0,0,0,0,0,0,0,0,0,0,0,0,0,0,0,0,1
Marek Rodak,1,Finger Injury,53.0,8.0,23,2,2,180,0,0,13,5,12,12,9,14,8,14,7,1,13,12,11,11,13,14,12,15,11,8,1,0.05714285714285714,0,0,0,0,0,0,0,1,0,0,0,0,0,0,0,0,0,0,0,0,0,0,1,0,0,0,0,0
Maxime Le Marchand,0,,,0.0,30,2,1,123,2,0,15,10,14,14,15,14,13,12,8,7,15,12,14,12,15,14,13,12,14,11,0,0.046511627906976744,0,0,0,0,0,0,0,1,0,0,0,0,0,0,0,0,0,0,0,0,0,0,0,1,0,0,0,0
Neeskens Kebano,1,Muscle Injury,20.0,3.0,28,5,1,119,0,0,11,11,12,10,12,7,14,12,5,16,16,13,11,12,14,10,12,14,12,15,1,0.125,0,0,0,0,0,0,0,1,0,0,0,0,0,0,0,0,0,0,0,0,0,0,0,0,1,0,0,0
Terence Kongolo,3,"Achilles Tendon Problems, Ankle Injury, Fitness",209.0,0.0,26,1,1,90,0,0,14,7,13,13,14,14,14,14,8,7,14,11,11,12,11,14,12,14,14,14,1,0.023255813953488372,0,0,0,0,0,0,0,1,0,0,0,0,0,0,0,0,0,0,0,0,1,0,0,0,0,0,0,0
Tyrese Francois,0,,,0.0,20,1,0,15,0,0,7,12,11,5,9,6,13,9,8,15,12,9,8,8,7,7,12,13,11,13,0,0.023255813953488372,0,0,0,0,0,0,0,1,0,0,0,0,0,0,0,0,0,0,0,0,0,1,0,0,0,0,0,0
Sam Johnstone,0,,,0.0,27,37,37,3330,1,0,5,9,12,11,6,13,6,12,4,2,16,12,13,9,14,7,12,15,5,13,0,0.9024390243902439,0,0,0,0,0,0,0,0,0,0,0,0,0,0,0,0,0,1,0,0,0,0,1,0,0,0,0,0
Darnell Furlong,0,,,0.0,24,35,32,2932,5,0,15,10,11,12,15,12,13,14,13,8,14,11,12,9,13,10,10,14,12,14,0,0.8536585365853658,0,0,0,0,0,0,0,0,0,0,0,0,0,0,0,0,0,1,0,0,0,0,0,0,0,1,0,0
Semi Ajayi,0,,,0.0,26,33,31,2780,3,1,13,12,11,15,15,13,14,12,14,11,12,12,13,12,14,15,13,8,12,13,0,0.8048780487804879,0,0,0,0,0,0,0,0,0,0,0,0,0,0,0,0,0,1,0,0,1,0,0,0,0,0,0,0
Matheus Pereira,0,,,0.0,24,33,30,2577,2,1,8,14,10,7,12,6,14,14,6,17,8,12,8,13,9,12,10,16,9,15,0,0.8048780487804879,0,0,0,0,0,0,0,0,0,0,0,0,0,0,0,0,0,1,0,0,0,0,0,0,0,0,1,0
Kyle Bartley,1,Calf Injury,25.0,5.0,29,30,28,2584,4,0,13,9,13,17,14,14,10,13,15,10,15,12,10,12,16,12,12,11,13,11,1,0.8333333333333334,0,0,0,0,0,0,0,0,0,0,0,0,0,0,0,0,0,1,0,0,1,0,0,0,0,0,0,0
Conor Gallagher,0,,,0.0,20,30,28,2531,11,0,16,12,15,10,16,12,14,14,14,12,10,11,14,11,15,12,11,9,14,12,0,0.7317073170731707,0,0,0,0,0,0,0,0,0,0,0,0,0,0,0,0,0,1,0,0,0,1,0,0,0,0,0,0
Conor Townsend,2,"Knee Injury, Ankle Problems",69.0,11.0,27,25,25,2234,0,0,13,11,12,11,15,13,12,14,11,5,13,11,14,10,12,11,11,12,8,11,1,0.8333333333333334,0,0,0,0,0,0,0,0,0,0,0,0,0,0,0,0,0,1,0,0,0,0,0,1,0,0,0,0
Dara O'Shea,1,Ankle Injury,18.0,2.0,21,28,25,2102,3,0,14,7,13,12,13,12,12,12,12,2,12,9,10,10,12,13,10,11,15,12,1,0.717948717948718,0,0,0,0,0,0,0,0,0,0,0,0,0,0,0,0,0,1,0,0,1,0,0,0,0,0,0,0
Matt Phillips,0,,,0.0,29,33,20,1828,1,0,12,12,12,13,13,7,14,14,11,12,12,12,11,12,9,13,10,11,5,13,0,0.8048780487804879,0,0,0,0,0,0,0,0,0,0,0,0,0,0,0,0,0,1,0,0,0,0,0,0,0,0,1,0
Callum Robinson,0,,,0.0,25,28,20,1560,0,0,13,12,13,10,12,4,14,12,8,13,12,11,10,9,9,14,12,15,7,15,0,0.6829268292682927,0,0,0,0,0,0,0,0,0,0,0,0,0,0,0,0,0,1,0,0,0,0,0,0,1,0,0,0
Romaine Sawyers,0,,,0.0,28,19,17,1487,2,0,12,15,14,12,14,10,11,13,15,15,13,14,13,14,8,13,13,12,9,12,0,0.4634146341463415,0,0,0,0,0,0,0,0,0,0,0,0,0,0,0,0,0,1,0,0,0,1,0,0,0,0,0,0
Okay Yokuslu,0,,,0.0,26,16,15,1317,4,0,14,13,14,18,15,13,12,12,13,13,12,12,12,14,14,15,15,10,12,10,0,0.3902439024390244,0,0,0,0,0,0,0,0,0,0,0,0,0,0,0,0,0,1,0,0,0,1,0,0,0,0,0,0
Jake Livermore,0,,,0.0,30,18,15,1242,2,1,16,12,15,14,16,13,12,15,9,11,13,12,12,12,12,14,13,11,13,12,0,0.43902439024390244,0,0,0,0,0,0,0,0,0,0,0,0,0,0,0,0,0,1,0,0,0,1,0,0,0,0,0,0
Grady Diangana,1,Thigh Muscle Strain,43.0,8.0,22,20,15,1235,0,0,13,13,14,5,12,6,15,17,9,13,14,9,12,11,8,14,11,15,9,17,1,0.6060606060606061,0,0,0,0,0,0,0,0,0,0,0,0,0,0,0,0,0,1,0,0,0,0,0,0,0,0,1,0
Ainsley Maitland-Niles,0,,,0.0,22,15,14,1230,2,0,13,12,14,12,14,11,15,13,7,14,11,11,11,13,11,13,12,15,10,17,0,0.36585365853658536,0,0,0,0,0,0,0,0,0,0,0,0,0,0,0,0,0,1,0,0,0,1,0,0,0,0,0,0
Mbaye Diagne,0,,,0.0,28,16,14,1189,2,0,7,12,6,16,13,6,14,14,2,14,12,10,4,16,12,15,11,14,14,13,0,0.3902439024390244,0,0,0,0,0,0,0,0,0,0,0,0,0,0,0,0,0,1,0,0,0,0,0,0,0,0,0,1
Karlan Grant,1,Ankle Injury,26.0,4.0,22,21,14,1127,1,0,12,11,10,11,13,5,15,13,6,12,8,10,11,11,6,12,12,15,11,17,1,0.5675675675675675,0,0,0,0,0,0,0,0,0,0,0,0,0,0,0,0,0,1,0,0,0,0,0,0,0,0,0,1
Kieran Gibbs,0,,,0.0,30,10,9,809,1,1,13,11,15,10,13,12,14,14,6,11,14,13,12,13,14,12,14,16,11,13,0,0.24390243902439024,0,0,0,0,0,0,0,0,0,0,0,0,0,0,0,0,0,1,0,0,0,0,0,1,0,0,0,0
Branislav Ivanovic,1,Knock,10.0,1.0,36,13,8,767,2,0,18,11,18,16,14,14,13,16,15,6,19,14,16,14,19,13,15,8,14,10,1,0.325,0,0,0,0,0,0,0,0,0,0,0,0,0,0,0,0,0,1,0,0,0,0,0,0,0,1,0,0
Filip Krovinovic,0,,,0.0,24,11,5,546,0,0,9,15,15,10,11,8,12,10,8,15,13,14,13,15,12,14,12,14,13,12,0,0.2682926829268293,0,0,0,0,0,0,0,0,0,0,0,0,0,0,0,0,0,1,0,0,0,1,0,0,0,0,0,0
Lee Peltier,0,,,0.0,33,4,3,229,1,0,14,8,13,12,14,14,12,12,13,6,14,11,15,12,16,14,12,12,11,12,0,0.0975609756097561,0,0,0,0,0,0,0,0,0,0,0,0,0,0,0,0,0,1,0,0,0,0,0,0,0,1,0,0
Hal Robson-Kanu,3,"Arm Injury, Fractured Arm, Knock",94.0,13.0,31,19,2,561,2,0,15,9,15,14,9,8,13,15,8,14,15,10,11,10,8,12,9,11,9,13,1,0.6785714285714286,0,0,0,0,0,0,0,0,0,0,0,0,0,0,0,0,0,1,0,0,0,0,0,0,1,0,0,0
Kamil Grosicki,1,Back Injury,26.0,3.0,32,3,2,148,0,0,12,10,8,9,10,10,17,11,8,15,14,10,10,11,7,12,11,14,8,16,1,0.07894736842105263,0,0,0,0,0,0,0,0,0,0,0,0,0,0,0,0,0,1,0,0,0,0,0,0,1,0,0,0
Kyle Edwards,0,,,0.0,22,5,1,118,0,0,12,10,8,6,13,7,14,12,13,14,7,8,8,8,11,8,11,11,9,15,0,0.12195121951219512,0,0,0,0,0,0,0,0,0,0,0,0,0,0,0,0,0,1,0,0,0,0,0,0,1,0,0,0
David Button,0,,,0.0,31,1,1,90,0,0,12,9,12,12,12,11,9,15,11,4,14,9,13,10,12,12,11,13,7,11,0,0.024390243902439025,0,0,0,0,0,0,0,0,0,0,0,0,0,0,0,0,0,1,0,0,0,0,1,0,0,0,0,0
Ahmed Hegazi,0,,,0.0,29,1,1,90,0,0,15,9,12,16,13,15,10,12,14,11,15,12,12,12,15,15,14,8,15,8,0,0.024390243902439025,0,0,0,0,0,0,0,0,0,0,0,0,0,0,0,0,0,1,0,0,1,0,0,0,0,0,0,0
Charlie Austin,0,,,0.0,31,5,0,138,0,0,16,10,12,15,13,8,9,10,11,10,14,13,13,14,15,14,16,10,13,9,0,0.12195121951219512,0,0,0,0,0,0,0,0,0,0,0,0,0,0,0,0,0,1,0,0,0,0,0,0,0,0,0,1
Sam Field,1,Knee Injury,85.0,13.0,22,3,0,62,0,0,14,14,14,9,13,13,12,14,8,10,13,11,12,14,12,11,12,11,12,12,1,0.10714285714285714,0,0,0,0,0,0,0,0,0,0,0,0,0,0,0,0,0,1,0,0,0,1,0,0,0,0,0,0
Rekeem Harper,0,,,0.0,20,2,0,32,0,0,12,14,10,15,15,13,14,15,7,15,15,9,9,13,12,13,13,14,7,15,0,0.04878048780487805,0,0,0,0,0,0,0,0,0,0,0,0,0,0,0,0,0,1,0,0,0,1,0,0,0,0,0,0
Aaron Ramsdale,0,,,0.0,22,38,38,3420,1,0,10,11,10,13,13,13,11,13,7,6,18,13,13,12,13,12,12,14,11,11,0,0.8837209302325582,0,0,0,0,0,0,0,0,0,0,0,0,0,0,1,0,0,0,0,0,0,0,1,0,0,0,0,0
George Baldock,2,"Thigh Muscle Strain, Knock",24.0,4.0,27,32,32,2787,7,0,16,8,14,13,15,12,15,15,11,12,15,13,12,10,15,12,13,13,14,16,1,0.8205128205128205,0,0,0,0,0,0,0,0,0,0,0,0,0,0,1,0,0,0,0,0,0,0,0,0,0,1,0,0
Chris Basham,1,Head Injury,3.0,0.0,32,31,31,2576,5,0,16,11,15,14,14,13,11,14,17,10,15,12,13,12,18,12,14,10,14,11,1,0.7209302325581395,0,0,0,0,0,0,0,0,0,0,0,0,0,0,1,0,0,0,0,0,1,0,0,0,0,0,0,0
Enda Stevens,3,"Knock, Knock, Knee Injury",68.0,10.0,30,30,30,2700,6,0,16,13,13,11,16,14,14,15,10,10,11,13,13,12,11,12,13,13,12,14,1,0.9090909090909091,0,0,0,0,0,0,0,0,0,0,0,0,0,0,1,0,0,0,0,0,0,0,0,1,0,0,0,0
John Egan,0,,,0.0,27,31,30,2629,7,1,15,11,14,15,14,14,12,13,14,4,16,13,14,10,18,13,15,10,12,12,0,0.7209302325581395,0,0,0,0,0,0,0,0,0,0,0,0,0,0,1,0,0,0,0,0,1,0,0,0,0,0,0,0
John Fleck,2,"Back Injury, Groin Injury",55.0,8.0,28,31,29,2575,4,0,15,14,14,11,14,12,13,14,13,13,12,14,10,14,11,14,14,14,13,12,1,0.8857142857142857,0,0,0,0,0,0,0,0,0,0,0,0,0,0,1,0,0,0,0,0,0,1,0,0,0,0,0,0
David McGoldrick,4,"Knock, Knock, Foot Injury, Foot Injury",18.0,2.0,32,35,28,2397,7,0,15,13,13,13,14,8,11,11,10,13,14,13,11,14,11,14,13,13,6,12,1,0.8536585365853658,0,0,0,0,0,0,0,0,0,0,0,0,0,0,1,0,0,0,0,0,0,0,0,0,0,0,0,1
Oliver Norwood,0,,,0.0,29,32,26,2220,6,0,12,14,14,9,15,12,11,15,14,11,14,14,14,13,13,12,13,12,14,14,0,0.7441860465116279,0,0,0,0,0,0,0,0,0,0,0,0,0,0,1,0,0,0,0,0,0,1,0,0,0,0,0,0
Ethan Ampadu,2,"Groin Injury, Knock",39.0,3.0,19,25,23,2089,3,0,9,10,13,12,11,13,14,13,12,7,12,12,11,16,16,15,14,11,12,12,1,0.625,0,0,0,0,0,0,0,0,0,0,0,0,0,0,1,0,0,0,0,0,1,0,0,0,0,0,0,0
John Lundstram,0,,,0.0,26,28,23,2032,8,1,16,13,14,12,15,12,11,14,14,9,17,13,12,12,13,10,13,12,15,12,0,0.6511627906976745,0,0,0,0,0,0,0,0,0,0,0,0,0,0,1,0,0,0,0,0,0,1,0,0,0,0,0,0
Ben Osborn,1,Knock,24.0,5.0,25,24,17,1604,1,0,14,13,12,10,14,12,13,12,12,12,13,12,10,12,13,12,12,11,8,12,1,0.631578947368421,0,0,0,0,0,0,0,0,0,0,0,0,0,0,1,0,0,0,0,0,0,0,0,0,1,0,0,0
Oliver Burke,1,Knock,9.0,0.0,23,25,14,1269,2,0,14,10,8,14,12,5,18,16,7,13,12,8,9,10,13,13,10,12,12,16,1,0.5813953488372093,0,0,0,0,0,0,0,0,0,0,0,0,0,0,1,0,0,0,0,0,0,0,0,0,0,0,1,0
Sander Berge,2,"Surgery, Bruise",106.0,21.0,22,15,13,1120,4,0,14,14,14,15,15,12,13,14,11,10,14,13,14,13,12,14,14,13,12,13,1,0.6818181818181818,0,0,0,0,0,0,0,0,0,0,0,0,0,0,1,0,0,0,0,0,0,1,0,0,0,0,0,0
Oliver McBurnie,3,"Metatarsal Fracture, Bruise, Shoulder Injury",150.0,17.0,24,23,12,1324,2,0,12,13,15,14,13,8,12,11,13,13,16,12,13,14,15,14,13,13,15,12,1,0.8846153846153846,0,0,0,0,0,0,0,0,0,0,0,0,0,0,1,0,0,0,0,0,0,0,0,0,0,0,0,1
Rhian Brewster,1,Knock,6.0,0.0,20,27,12,1128,1,0,10,13,8,9,13,12,14,12,5,16,16,13,11,13,15,15,14,13,15,14,1,0.627906976744186,0,0,0,0,0,0,0,0,0,0,0,0,0,0,1,0,0,0,0,0,0,0,0,0,0,0,0,1
Jayden Bogle,0,,,0.0,20,16,12,1110,2,0,14,12,14,11,15,11,14,15,8,14,14,11,10,11,11,14,12,14,9,13,0,0.37209302325581395,0,0,0,0,0,0,0,0,0,0,0,0,0,0,1,0,0,0,0,0,0,0,0,0,0,1,0,0
Kean Bryan,1,Calf Injury,21.0,4.0,23,13,12,1004,1,0,14,11,12,13,14,11,12,11,8,6,12,12,10,11,8,13,10,13,6,14,1,0.3333333333333333,0,0,0,0,0,0,0,0,0,0,0,0,0,0,1,0,0,0,0,0,1,0,0,0,0,0,0,0
Jack Robinson,1,Knock,123.0,22.0,26,11,9,877,3,0,13,11,12,12,14,12,12,12,12,9,12,12,11,14,18,12,13,12,14,11,1,0.5238095238095238,0,0,0,0,0,0,0,0,0,0,0,0,0,0,1,0,0,0,0,0,0,0,0,1,0,0,0,0
Billy Sharp,0,,,0.0,34,16,7,735,1,0,15,13,13,13,13,7,10,13,18,12,15,13,12,15,14,11,15,13,15,12,0,0.37209302325581395,0,0,0,0,0,0,0,0,0,0,0,0,0,0,1,0,0,0,0,0,0,0,0,0,0,0,0,1
Max Lowe,1,Head Injury,11.0,1.0,23,8,7,550,1,0,12,11,13,12,13,11,14,14,9,10,10,12,11,13,12,11,12,12,9,14,1,0.19047619047619047,0,0,0,0,0,0,0,0,0,0,0,0,0,0,1,0,0,0,0,0,0,0,0,1,0,0,0,0
Phil Jagielka,0,,,0.0,37,10,6,526,1,1,7,7,14,14,13,14,11,15,14,5,16,16,12,14,16,10,15,8,10,12,0,0.23255813953488372,0,0,0,0,0,0,0,0,0,0,0,0,0,0,1,0,0,0,0,0,1,0,0,0,0,0,0,0
Daniel Jebbison,0,,,0.0,17,4,3,284,0,0,7,10,6,9,7,4,13,13,5,11,18,8,2,6,7,10,7,13,9,13,0,0.09302325581395349,0,0,0,0,0,0,0,0,0,0,0,0,0,0,1,0,0,0,0,0,0,1,0,0,0,0,0,0
Lys Mousset,4,"Knock, Ankle Inury, Toe Injury, Toe Inury",102.0,12.0,24,11,2,296,0,0,16,10,10,13,13,12,16,14,5,15,12,12,12,12,11,13,13,14,5,17,1,0.3548387096774194,0,0,0,0,0,0,0,0,0,0,0,0,0,0,1,0,0,0,0,0,0,0,0,0,0,0,0,1
Iliman N'diaye,0,,,0.0,21,1,0,12,0,0,8,9,7,3,7,10,11,9,12,14,14,7,4,10,6,3,7,12,6,11,0,0.023255813953488372,0,0,0,0,0,0,0,0,0,0,0,0,0,0,1,0,0,0,0,0,0,1,0,0,0,0,0,0
